sym,strat,period,cagr,sharpe,maxdd,trades_yr,win,bh_cagr
BTC,NAM,all,-0.452,-1.476,-0.989,987.391,0.287,0.438
BTC,NAM,2018,-0.356,-0.946,-0.686,971.665,0.287,1.535
BTC,NAM,2022,-0.432,-1.333,-0.713,960.973,0.266,-0.044
BTC,NAM,2024,-0.527,-2.042,-0.907,1020.005,0.302,0.282
BTC,ORB,all,-0.797,-3.877,-1.0,365.102,0.091,0.438
BTC,ORB,2018,-0.72,-2.337,-0.929,365.25,0.107,1.535
BTC,ORB,2022,-0.825,-4.702,-0.975,365.25,0.086,-0.044
BTC,ORB,2024,-0.821,-5.125,-0.992,365.614,0.082,0.282
BTC,IM,all,-0.329,-4.861,-0.934,364.954,0.324,0.438
BTC,IM,2018,-0.371,-3.937,-0.613,364.75,0.384,1.535
BTC,IM,2022,-0.293,-4.75,-0.504,365.751,0.315,-0.044
BTC,IM,2024,-0.324,-7.53,-0.659,365.25,0.286,0.282
BTC-long,NAM,all,-0.143,-0.48,-0.806,497.623,0.266,0.438
BTC-long,NAM,2018,0.043,0.286,-0.269,490.336,0.292,1.535
BTC-long,NAM,2022,-0.147,-0.467,-0.438,470.967,0.252,-0.044
BTC-long,NAM,2024,-0.255,-1.08,-0.729,523.294,0.256,0.282
BTC-long,ORB,all,-0.554,-2.954,-0.996,173.583,0.09,0.438
BTC-long,ORB,2018,-0.553,-2.501,-0.818,168.115,0.092,1.535
BTC-long,ORB,2022,-0.589,-3.509,-0.845,172.354,0.081,-0.044
BTC-long,ORB,2024,-0.527,-3.006,-0.886,178.801,0.094,0.282
BTC-long,IM,all,-0.211,-3.708,-0.801,183.514,0.33,0.438
BTC-long,IM,2018,-0.275,-3.304,-0.485,187.128,0.377,1.535
BTC-long,IM,2022,-0.178,-4.241,-0.328,185.882,0.307,-0.044
BTC-long,IM,2024,-0.185,-5.128,-0.432,179.53,0.31,0.282
BTC-NY,NAM,all,-0.057,-0.234,-0.454,285.796,0.327,0.437
BTC-NY,NAM,2018,-0.166,-1.172,-0.41,274.688,0.289,1.519
BTC-NY,NAM,2022,0.185,0.869,-0.212,288.593,0.327,-0.037
BTC-NY,NAM,2024,-0.127,-0.688,-0.406,292.418,0.355,0.279
BTC-NY,ORB,all,-0.63,-2.118,-0.999,364.805,0.149,0.437
BTC-NY,ORB,2018,-0.619,-2.009,-0.859,364.249,0.159,1.519
BTC-NY,ORB,2022,-0.64,-2.257,-0.906,365.25,0.145,-0.037
BTC-NY,ORB,2024,-0.631,-2.098,-0.951,365.614,0.143,0.279
BTC-NY,IM,all,-0.315,-3.747,-0.925,364.954,0.35,0.437
BTC-NY,IM,2018,-0.278,-2.435,-0.502,364.249,0.413,1.519
BTC-NY,IM,2022,-0.304,-3.671,-0.514,365.751,0.338,-0.037
BTC-NY,IM,2024,-0.349,-5.931,-0.692,365.614,0.312,0.279
BTC-NY-long,NAM,all,0.003,0.09,-0.369,138.599,0.332,0.437
BTC-NY-long,NAM,2018,-0.025,-0.219,-0.165,137.094,0.303,1.519
BTC-NY-long,NAM,2022,0.193,1.082,-0.118,133.775,0.348,-0.037
BTC-NY-long,NAM,2024,-0.097,-0.713,-0.369,143.478,0.343,0.279
BTC-NY-long,ORB,all,-0.474,-2.171,-0.989,180.401,0.142,0.437
BTC-NY-long,ORB,2018,-0.447,-1.998,-0.695,182.125,0.162,1.519
BTC-NY-long,ORB,2022,-0.473,-2.039,-0.743,185.381,0.132,-0.037
BTC-NY-long,ORB,2024,-0.495,-2.407,-0.882,175.888,0.135,0.279
BTC-NY-long,IM,all,-0.163,-2.525,-0.708,190.778,0.35,0.437
BTC-NY-long,IM,2018,-0.083,-0.974,-0.191,202.639,0.432,1.519
BTC-NY-long,IM,2022,-0.123,-1.767,-0.241,184.379,0.361,-0.037
BTC-NY-long,IM,2024,-0.244,-5.311,-0.535,187.177,0.278,0.279
ETH,NAM,all,-0.204,-0.431,-0.871,962.042,0.311,0.565
ETH,NAM,2018,-0.145,-0.302,-0.497,965.661,0.318,4.308
ETH,NAM,2022,-0.293,-0.768,-0.6,950.452,0.285,-0.213
ETH,NAM,2024,-0.177,-0.29,-0.555,969.751,0.323,0.061
ETH,ORB,all,-0.797,-3.487,-1.0,364.509,0.085,0.565
ETH,ORB,2018,-0.716,-2.22,-0.939,364.249,0.102,4.308
ETH,ORB,2022,-0.792,-3.595,-0.957,365.25,0.08,-0.213
ETH,ORB,2024,-0.845,-4.725,-0.995,364.886,0.078,0.061
ETH,IM,all,-0.275,-3.058,-0.896,364.805,0.368,0.565
ETH,IM,2018,-0.201,-1.461,-0.418,364.249,0.431,4.308
ETH,IM,2022,-0.302,-3.959,-0.516,365.751,0.33,-0.213
ETH,IM,2024,-0.306,-5.253,-0.633,365.25,0.349,0.061
ETH-long,NAM,all,-0.017,0.074,-0.611,497.623,0.291,0.565
ETH-long,NAM,2018,0.266,1.143,-0.119,492.837,0.339,4.308
ETH-long,NAM,2022,-0.209,-0.762,-0.474,489.004,0.265,-0.213
ETH-long,NAM,2024,-0.042,0.025,-0.403,508.364,0.275,0.061
ETH-long,ORB,all,-0.539,-2.412,-0.996,178.919,0.086,0.565
ETH-long,ORB,2018,-0.433,-1.43,-0.778,177.622,0.11,4.308
ETH-long,ORB,2022,-0.516,-2.32,-0.762,173.356,0.078,-0.213
ETH-long,ORB,2024,-0.618,-3.491,-0.933,184.264,0.075,0.061
ETH-long,IM,all,-0.174,-2.57,-0.726,186.776,0.375,0.565
ETH-long,IM,2018,-0.165,-1.668,-0.305,186.628,0.448,4.308
ETH-long,IM,2022,-0.195,-4.027,-0.353,191.894,0.319,-0.213
ETH-long,IM,2024,-0.165,-3.19,-0.392,183.535,0.365,0.061
SOL,NAM,all,-0.348,-1.162,-0.951,1017.645,0.333,0.755
SOL,NAM,2018,-0.194,-0.461,-0.408,952.104,0.328,14.673
SOL,NAM,2022,-0.207,-0.584,-0.562,1007.569,0.353,-0.227
SOL,NAM,2024,-0.491,-1.958,-0.87,1060.063,0.322,0.056
SOL,ORB,all,-0.757,-2.657,-1.0,353.836,0.094,0.755
SOL,ORB,2018,-0.495,-0.924,-0.783,365.25,0.115,14.673
SOL,ORB,2022,-0.685,-2.083,-0.94,340.199,0.108,-0.227
SOL,ORB,2024,-0.861,-4.34,-0.996,358.695,0.074,0.056
SOL,IM,all,-0.25,-1.873,-0.848,362.315,0.429,0.755
SOL,IM,2018,-0.213,-0.944,-0.38,365.25,0.51,14.673
SOL,IM,2022,-0.279,-2.236,-0.52,357.234,0.433,-0.227
SOL,IM,2024,-0.247,-3.045,-0.547,365.25,0.386,0.056
SOL-long,NAM,all,-0.09,-0.289,-0.687,524.069,0.301,0.755
SOL-long,NAM,2018,0.154,0.694,-0.174,490.128,0.331,14.673
SOL-long,NAM,2022,-0.081,-0.249,-0.458,520.068,0.292,-0.227
SOL-long,NAM,2024,-0.2,-0.862,-0.574,545.144,0.293,0.056
SOL-long,ORB,all,-0.478,-1.783,-0.987,167.298,0.099,0.755
SOL-long,ORB,2018,-0.342,-0.96,-0.594,163.135,0.111,14.673
SOL-long,ORB,2022,-0.41,-1.376,-0.753,162.834,0.114,-0.227
SOL-long,ORB,2024,-0.576,-2.613,-0.914,172.975,0.084,0.056
SOL-long,IM,all,-0.148,-1.456,-0.693,182.951,0.418,0.755
SOL-long,IM,2018,-0.155,-0.97,-0.362,171.797,0.496,14.673
SOL-long,IM,2022,-0.176,-1.856,-0.346,185.381,0.403,-0.227
SOL-long,IM,2024,-0.124,-1.886,-0.331,187.177,0.393,0.056
US500,NAM,all,0.077,0.579,-0.317,210.004,0.417,0.128
US500,NAM,2018,0.143,0.955,-0.104,191.763,0.42,0.153
US500,NAM,2022,0.206,1.408,-0.115,230.737,0.466,0.001
US500,NAM,2024,-0.088,-0.564,-0.317,223.006,0.376,0.192
US500,ORB,all,-0.075,-0.212,-0.573,248.416,0.194,0.128
US500,ORB,2018,-0.047,-0.087,-0.344,248.09,0.2,0.153
US500,ORB,2022,0.024,0.223,-0.343,250.889,0.195,0.001
US500,ORB,2024,-0.179,-0.877,-0.434,248.836,0.186,0.192
US500,IM,all,-0.056,-1.073,-0.427,248.644,0.444,0.128
US500,IM,2018,-0.064,-1.001,-0.272,248.34,0.438,0.153
US500,IM,2022,-0.051,-1.055,-0.113,250.889,0.464,0.001
US500,IM,2024,-0.049,-1.443,-0.138,249.199,0.439,0.192
XRP,NAM,all,-0.424,-1.07,-0.982,979.979,0.298,0.354
XRP,NAM,2018,-0.378,-0.939,-0.658,962.159,0.281,1.074
XRP,NAM,2022,-0.526,-1.185,-0.792,982.517,0.287,-0.139
XRP,NAM,2024,-0.373,-1.096,-0.774,993.058,0.319,0.38
XRP,ORB,all,-0.781,-3.097,-1.0,356.801,0.093,0.354
XRP,ORB,2018,-0.672,-1.899,-0.925,362.748,0.109,1.074
XRP,ORB,2022,-0.738,-2.561,-0.946,349.718,0.097,-0.139
XRP,ORB,2024,-0.858,-4.817,-0.995,358.331,0.079,0.38
XRP,IM,all,-0.294,-2.681,-0.909,361.692,0.373,0.354
XRP,IM,2018,-0.256,-1.482,-0.477,363.249,0.445,1.074
XRP,IM,2022,-0.301,-3.918,-0.515,362.244,0.364,-0.139
XRP,IM,2024,-0.316,-4.195,-0.647,360.88,0.328,0.38
XRP-long,NAM,all,-0.12,-0.206,-0.705,467.68,0.269,0.354
XRP-long,NAM,2018,-0.151,-0.363,-0.359,506.847,0.25,1.074
XRP-long,NAM,2022,-0.187,-0.255,-0.451,406.334,0.277,-0.139
XRP-long,NAM,2024,-0.043,-0.029,-0.383,484.694,0.277,0.38
XRP-long,ORB,all,-0.584,-3.005,-0.998,158.315,0.08,0.354
XRP-long,ORB,2018,-0.422,-1.449,-0.699,164.112,0.107,1.074
XRP-long,ORB,2022,-0.632,-3.594,-0.869,146.801,0.058,-0.139
XRP-long,ORB,2024,-0.644,-4.268,-0.941,162.778,0.074,0.38
XRP-long,IM,all,-0.19,-2.179,-0.762,170.322,0.36,0.354
XRP-long,IM,2018,-0.21,-1.595,-0.387,182.625,0.433,1.074
XRP-long,IM,2022,-0.189,-3.083,-0.347,158.826,0.338,-0.139
XRP-long,IM,2024,-0.175,-2.982,-0.409,170.062,0.319,0.38
DOGE,NAM,all,-0.494,-1.164,-0.991,992.727,0.294,0.768
DOGE,NAM,2018,-0.479,-0.592,-0.834,953.152,0.261,8.186
DOGE,NAM,2022,-0.672,-2.951,-0.892,993.039,0.284,-0.275
DOGE,NAM,2024,-0.323,-0.987,-0.696,1023.283,0.323,0.02
DOGE,ORB,all,-0.793,-3.19,-1.0,351.316,0.089,0.768
DOGE,ORB,2018,-0.761,-2.751,-0.96,344.236,0.097,8.186
DOGE,ORB,2022,-0.836,-4.085,-0.976,348.215,0.083,-0.275
DOGE,ORB,2024,-0.78,-2.947,-0.984,359.423,0.086,0.02
DOGE,IM,all,-0.283,-1.522,-0.897,360.358,0.395,0.768
DOGE,IM,2018,-0.315,-0.95,-0.545,360.247,0.408,8.186
DOGE,IM,2022,-0.295,-3.047,-0.506,356.733,0.403,-0.275
DOGE,IM,2024,-0.25,-2.893,-0.547,363.793,0.379,0.02
DOGE-long,NAM,all,-0.15,-0.209,-0.826,495.993,0.264,0.768
DOGE-long,NAM,2018,0.072,0.359,-0.595,460.315,0.248,8.186
DOGE-long,NAM,2022,-0.429,-1.913,-0.673,508.043,0.243,-0.275
DOGE-long,NAM,2024,-0.041,-0.055,-0.38,514.19,0.291,0.02
DOGE-long,ORB,all,-0.594,-2.9,-0.998,164.985,0.078,0.768
DOGE-long,ORB,2018,-0.607,-3.207,-0.859,153.105,0.075,8.186
DOGE-long,ORB,2022,-0.691,-4.531,-0.916,165.34,0.058,-0.275
DOGE-long,ORB,2024,-0.494,-1.872,-0.844,173.703,0.094,0.02
DOGE-long,IM,all,-0.153,-0.879,-0.689,183.811,0.403,0.768
DOGE-long,IM,2018,-0.202,-0.636,-0.392,179.123,0.405,8.186
DOGE-long,IM,2022,-0.144,-1.941,-0.304,185.882,0.429,-0.275
DOGE-long,IM,2024,-0.123,-1.606,-0.306,186.084,0.384,0.02
BNB,NAM,all,-0.582,-2.198,-0.998,992.134,0.295,0.816
BNB,NAM,2018,-0.24,-0.613,-0.649,929.636,0.312,5.113
BNB,NAM,2022,-0.717,-2.948,-0.937,1024.604,0.281,-0.22
BNB,NAM,2024,-0.64,-2.748,-0.939,1016.0,0.293,0.389
BNB,ORB,all,-0.754,-2.988,-1.0,352.502,0.094,0.816
BNB,ORB,2018,-0.6,-1.421,-0.867,364.75,0.111,5.113
BNB,ORB,2022,-0.854,-5.073,-0.989,332.683,0.078,-0.22
BNB,ORB,2024,-0.747,-3.281,-0.977,358.695,0.092,0.389
BNB,IM,all,-0.265,-2.762,-0.884,358.876,0.366,0.816
BNB,IM,2018,-0.216,-1.336,-0.438,363.249,0.442,5.113
BNB,IM,2022,-0.288,-4.404,-0.493,350.72,0.35,-0.22
BNB,IM,2024,-0.283,-5.302,-0.598,362.337,0.321,0.389
BNB-long,NAM,all,-0.314,-1.407,-0.946,525.936,0.269,0.816
BNB-long,NAM,2018,0.124,0.62,-0.374,479.828,0.325,5.113
BNB-long,NAM,2022,-0.518,-3.089,-0.806,527.082,0.232,-0.22
BNB-long,NAM,2024,-0.383,-1.659,-0.786,559.71,0.257,0.389
BNB-long,ORB,all,-0.445,-1.802,-0.987,162.317,0.102,0.816
BNB-long,ORB,2018,-0.21,-0.504,-0.566,141.097,0.124,5.113
BNB-long,ORB,2022,-0.564,-2.969,-0.868,149.307,0.081,-0.22
BNB-long,ORB,2024,-0.49,-2.194,-0.859,187.541,0.103,0.389
BNB-long,IM,all,-0.126,-1.605,-0.645,193.594,0.388,0.816
BNB-long,IM,2018,-0.017,-0.075,-0.152,190.63,0.504,5.113
BNB-long,IM,2022,-0.169,-3.275,-0.312,186.383,0.374,-0.22
BNB-long,IM,2024,-0.167,-3.38,-0.394,201.379,0.318,0.389
ETH-NY,NAM,all,0.044,0.332,-0.346,283.425,0.358,0.561
ETH-NY,NAM,2018,-0.077,-0.556,-0.346,283.194,0.349,4.257
ETH-NY,NAM,2022,0.107,0.619,-0.19,271.558,0.342,-0.209
ETH-NY,NAM,2024,0.096,0.572,-0.149,292.783,0.375,0.059
ETH-NY,ORB,all,-0.536,-1.406,-0.996,363.619,0.158,0.561
ETH-NY,ORB,2018,-0.312,-0.464,-0.63,362.248,0.162,4.257
ETH-NY,ORB,2022,-0.674,-2.475,-0.939,364.248,0.15,-0.209
ETH-NY,ORB,2024,-0.551,-1.493,-0.911,364.886,0.161,0.059
ETH-NY,IM,all,-0.334,-3.538,-0.936,364.805,0.375,0.561
ETH-NY,IM,2018,-0.334,-2.753,-0.557,363.749,0.428,4.257
ETH-NY,IM,2022,-0.305,-3.362,-0.518,365.751,0.356,-0.209
ETH-NY,IM,2024,-0.356,-4.807,-0.7,365.614,0.35,0.059
ETH-NY-long,NAM,all,0.112,0.874,-0.137,132.373,0.401,0.561
ETH-NY-long,NAM,2018,0.077,0.877,-0.095,142.097,0.431,4.257
ETH-NY-long,NAM,2022,0.169,1.191,-0.081,120.748,0.402,-0.209
ETH-NY-long,NAM,2024,0.098,0.695,-0.137,134.01,0.375,0.059
ETH-NY-long,ORB,all,-0.378,-1.304,-0.975,180.994,0.149,0.561
ETH-NY-long,ORB,2018,-0.133,-0.209,-0.417,187.628,0.176,4.257
ETH-NY-long,ORB,2022,-0.495,-2.103,-0.778,186.383,0.126,-0.209
ETH-NY-long,ORB,2024,-0.432,-1.706,-0.85,172.611,0.146,0.059
ETH-NY-long,IM,all,-0.169,-2.286,-0.716,186.479,0.38,0.561
ETH-NY-long,IM,2018,-0.137,-1.395,-0.267,196.134,0.441,4.257
ETH-NY-long,IM,2022,-0.128,-1.885,-0.264,176.362,0.369,-0.209
ETH-NY-long,IM,2024,-0.219,-3.748,-0.492,187.177,0.34,0.059
SOL-NY,NAM,all,0.001,0.079,-0.28,291.255,0.349,0.799
SOL-NY,NAM,2018,-0.138,-1.024,-0.28,295.37,0.322,16.414
SOL-NY,NAM,2022,0.236,1.385,-0.152,275.566,0.394,-0.211
SOL-NY,NAM,2024,-0.075,-0.421,-0.254,301.158,0.332,0.042
SOL-NY,ORB,all,-0.573,-1.482,-0.996,356.449,0.15,0.799
SOL-NY,ORB,2018,-0.594,-1.463,-0.743,365.25,0.142,16.414
SOL-NY,ORB,2022,-0.525,-1.261,-0.871,344.207,0.148,-0.211
SOL-NY,ORB,2024,-0.596,-1.66,-0.958,361.608,0.155,0.042
SOL-NY,IM,all,-0.346,-2.573,-0.93,364.598,0.413,0.799
SOL-NY,IM,2018,-0.403,-2.132,-0.541,364.53,0.415,16.414
SOL-NY,IM,2022,-0.23,-1.598,-0.403,365.25,0.438,-0.211
SOL-NY,IM,2024,-0.393,-4.299,-0.748,364.886,0.394,0.042
SOL-NY-long,NAM,all,-0.031,-0.228,-0.322,150.761,0.335,0.799
SOL-NY-long,NAM,2018,0.003,0.082,-0.182,155.609,0.364,16.414
SOL-NY-long,NAM,2022,0.079,0.71,-0.134,135.278,0.379,-0.211
SOL-NY-long,NAM,2024,-0.12,-1.116,-0.32,159.865,0.291,0.042
SOL-NY-long,ORB,all,-0.44,-1.542,-0.98,178.469,0.134,0.799
SOL-NY-long,ORB,2018,-0.333,-0.856,-0.564,190.91,0.143,16.414
SOL-NY-long,ORB,2022,-0.503,-1.992,-0.772,174.358,0.112,-0.211
SOL-NY-long,ORB,2024,-0.441,-1.639,-0.874,175.524,0.145,0.042
SOL-NY-long,IM,all,-0.188,-1.732,-0.752,184.173,0.42,0.799
SOL-NY-long,IM,2018,-0.116,-0.664,-0.272,185.867,0.442,16.414
SOL-NY-long,IM,2022,-0.127,-1.16,-0.236,181.873,0.444,-0.211
SOL-NY-long,IM,2024,-0.262,-3.505,-0.566,185.356,0.393,0.042
USTECH,NAM,all,0.127,0.919,-0.217,204.403,0.439,0.194
USTECH,NAM,2018,0.132,0.916,-0.141,200.274,0.429,0.259
USTECH,NAM,2022,0.224,1.702,-0.066,224.692,0.467,0.015
USTECH,NAM,2024,0.057,0.453,-0.217,197.177,0.43,0.246
USTECH,ORB,all,0.083,0.415,-0.319,248.644,0.241,0.194
USTECH,ORB,2018,0.157,0.633,-0.264,248.34,0.237,0.259
USTECH,ORB,2022,0.113,0.487,-0.316,250.889,0.231,0.015
USTECH,ORB,2024,-0.035,-0.003,-0.28,249.199,0.255,0.246
USTECH,IM,all,-0.054,-0.892,-0.465,248.987,0.464,0.194
USTECH,IM,2018,-0.032,-0.418,-0.213,249.091,0.473,0.259
USTECH,IM,2022,-0.103,-1.931,-0.203,250.889,0.45,0.015
USTECH,IM,2024,-0.049,-1.163,-0.169,249.199,0.46,0.246
XAUUSD,NAM,all,-0.076,-1.357,-0.266,115.448,0.309,0.088
XAUUSD,NAM,2018,-0.076,-1.357,-0.266,115.448,0.309,0.088
XAUUSD,ORB,all,-0.197,-2.094,-0.563,148.392,0.166,0.088
XAUUSD,ORB,2018,-0.197,-2.094,-0.563,148.392,0.166,0.088
XAUUSD,IM,all,-0.057,-5.475,-0.19,148.105,0.277,0.088
XAUUSD,IM,2018,-0.057,-5.475,-0.19,148.105,0.277,0.088
