name,family,params,period,start,cagr,sharpe,maxdd,vol,turns_yr,note
buy&hold SPY,benchmark,,all,1994-02-09,0.1091,0.6461,-0.5519,0.1875,0.0,
buy&hold SPY,benchmark,,IS,1994-02-09,0.0929,0.555,-0.5519,0.194,0.0,
buy&hold SPY,benchmark,,OOS,2014-12-31,0.1374,0.8227,-0.3372,0.1752,0.0,
buy&hold SPY,benchmark,,2022+,2022-01-03,0.1239,0.7608,-0.245,0.1731,0.0,
buy&hold QQQ,benchmark,,all,2000-03-21,0.0833,0.4354,-0.8296,0.2634,0.0,
buy&hold QQQ,benchmark,,IS,2000-03-21,0.003,0.1567,-0.8296,0.2939,0.0,
buy&hold QQQ,benchmark,,OOS,2014-12-31,0.1924,0.9141,-0.3512,0.2188,0.0,
buy&hold QQQ,benchmark,,2022+,2022-01-03,0.1519,0.7254,-0.3483,0.2319,0.0,
buy&hold TLT,benchmark,,all,2003-08-12,0.0308,0.2833,-0.4835,0.1433,0.0,
buy&hold TLT,benchmark,,IS,2003-08-12,0.0791,0.6183,-0.2659,0.1387,0.0,
buy&hold TLT,benchmark,,OOS,2014-12-31,-0.0138,-0.0207,-0.4835,0.1476,0.0,
buy&hold TLT,benchmark,,2022+,2022-01-03,-0.0969,-0.5712,-0.3984,0.1568,0.0,
buy&hold GLD,benchmark,,all,2005-12-01,0.1033,0.6238,-0.4556,0.1852,0.0,
buy&hold GLD,benchmark,,IS,2005-12-01,0.0969,0.5442,-0.4052,0.2108,0.0,
buy&hold GLD,benchmark,,OOS,2014-12-31,0.1069,0.7062,-0.264,0.1627,0.0,
buy&hold GLD,benchmark,,2022+,2022-01-03,0.1834,0.9734,-0.264,0.1921,0.0,
buy&hold BTC-USD,benchmark,,all,2015-06-05,0.6884,1.1291,-0.834,0.6558,0.0,
buy&hold BTC-USD,benchmark,,IS,2015-06-05,1.1329,1.396,-0.834,0.7371,0.0,
buy&hold BTC-USD,benchmark,,OOS,2019-12-31,0.4383,0.9137,-0.7663,0.5944,0.0,
buy&hold BTC-USD,benchmark,,2022+,2022-01-01,0.1371,0.5069,-0.6689,0.5067,0.0,
buy&hold ETH-USD,benchmark,,all,2018-07-28,0.2381,0.674,-0.8194,0.8105,0.0,
buy&hold ETH-USD,benchmark,,IS,2018-07-28,-0.5935,-0.5919,-0.8194,0.8718,0.0,
buy&hold ETH-USD,benchmark,,OOS,2019-12-31,0.5612,0.963,-0.7935,0.7966,0.0,
buy&hold ETH-USD,benchmark,,2022+,2022-01-01,-0.0627,0.2478,-0.7405,0.6868,0.0,
buy&hold 3x QQQ (synthetic TQQQ),benchmark,,all,2000-03-21,-0.0264,0.3627,-0.9998,0.7901,0.0,
buy&hold 3x QQQ (synthetic TQQQ),benchmark,,IS,2000-03-21,-0.2632,0.0948,-0.9998,0.8818,0.0,
buy&hold 3x QQQ (synthetic TQQQ),benchmark,,OOS,2014-12-31,0.3786,0.8213,-0.8146,0.6565,0.0,
buy&hold 3x QQQ (synthetic TQQQ),benchmark,,2022+,2022-01-03,0.1788,0.5837,-0.8083,0.6957,0.0,
buy&hold 3x SPY (synthetic UPRO),benchmark,,all,1994-02-09,0.1448,0.5239,-0.9817,0.5624,0.0,
buy&hold 3x SPY (synthetic UPRO),benchmark,,IS,1994-02-09,0.0831,0.4294,-0.9817,0.582,0.0,
buy&hold 3x SPY (synthetic UPRO),benchmark,,OOS,2014-12-31,0.2602,0.7067,-0.762,0.5257,0.0,
buy&hold 3x SPY (synthetic UPRO),benchmark,,2022+,2022-01-03,0.1761,0.5711,-0.6393,0.5193,0.0,
SPY SMA150 timing 1x,sma_timing,"n=150,lev=1",all,1994-02-09,0.0782,0.6924,-0.3147,0.119,8.9551,
SPY SMA150 timing 1x,sma_timing,"n=150,lev=1",IS,1994-02-09,0.0701,0.6247,-0.3147,0.12,9.9631,
SPY SMA150 timing 1x,sma_timing,"n=150,lev=1",OOS,2014-12-31,0.0917,0.8085,-0.212,0.1171,7.1586,
SPY SMA150 timing 1x,sma_timing,"n=150,lev=1",2022+,2022-01-03,0.111,0.9894,-0.153,0.1129,6.7594,
SPY SMA150 timing 2x,sma_timing,"n=150,lev=2",all,1994-02-09,0.1139,0.573,-0.6109,0.2379,17.9102,
SPY SMA150 timing 2x,sma_timing,"n=150,lev=2",IS,1994-02-09,0.0948,0.498,-0.6109,0.24,19.9262,
SPY SMA150 timing 2x,sma_timing,"n=150,lev=2",OOS,2014-12-31,0.1466,0.7024,-0.4029,0.2341,14.3172,
SPY SMA150 timing 2x,sma_timing,"n=150,lev=2",2022+,2022-01-03,0.1669,0.7973,-0.3142,0.2257,13.5189,
SPY SMA200 timing 1x,sma_timing,"n=200,lev=1",all,1994-02-09,0.0887,0.7605,-0.2414,0.1215,6.563,
SPY SMA200 timing 1x,sma_timing,"n=200,lev=1",IS,1994-02-09,0.0801,0.6853,-0.2414,0.1236,7.2807,
SPY SMA200 timing 1x,sma_timing,"n=200,lev=1",OOS,2014-12-31,0.1032,0.8939,-0.1902,0.1177,5.2837,
SPY SMA200 timing 1x,sma_timing,"n=200,lev=1",2022+,2022-01-03,0.094,0.8549,-0.1902,0.1125,6.337,
SPY SMA200 timing 2x,sma_timing,"n=200,lev=2",all,1994-02-09,0.135,0.6433,-0.5239,0.243,13.126,
SPY SMA200 timing 2x,sma_timing,"n=200,lev=2",IS,1994-02-09,0.1143,0.5619,-0.5239,0.2473,14.5615,
SPY SMA200 timing 2x,sma_timing,"n=200,lev=2",OOS,2014-12-31,0.1706,0.7883,-0.3711,0.2354,10.5675,
SPY SMA200 timing 2x,sma_timing,"n=200,lev=2",2022+,2022-01-03,0.1314,0.662,-0.3711,0.2249,12.6739,
SPY SMA250 timing 1x,sma_timing,"n=250,lev=1",all,1994-02-09,0.0896,0.7491,-0.2451,0.1251,5.2749,
SPY SMA250 timing 1x,sma_timing,"n=250,lev=1",IS,1994-02-09,0.0867,0.7196,-0.2451,0.1267,5.1732,
SPY SMA250 timing 1x,sma_timing,"n=250,lev=1",OOS,2014-12-31,0.0939,0.7965,-0.205,0.1221,5.4542,
SPY SMA250 timing 1x,sma_timing,"n=250,lev=1",2022+,2022-01-03,0.0788,0.6993,-0.205,0.1186,7.1819,
SPY SMA250 timing 2x,sma_timing,"n=250,lev=2",all,1994-02-09,0.1358,0.635,-0.4455,0.2502,10.5498,
SPY SMA250 timing 2x,sma_timing,"n=250,lev=2",IS,1994-02-09,0.1269,0.5989,-0.4455,0.2535,10.3463,
SPY SMA250 timing 2x,sma_timing,"n=250,lev=2",OOS,2014-12-31,0.1497,0.6944,-0.3947,0.2443,10.9084,
SPY SMA250 timing 2x,sma_timing,"n=250,lev=2",2022+,2022-01-03,0.0987,0.5161,-0.3947,0.2372,14.3638,
SPY 3x when > SMA150,lev3x_sma,n=150,all,1994-02-09,0.1362,0.5382,-0.7799,0.3568,8.9551,
SPY 3x when > SMA150,lev3x_sma,n=150,IS,1994-02-09,0.1072,0.4644,-0.7799,0.3601,9.9631,
SPY 3x when > SMA150,lev3x_sma,n=150,OOS,2014-12-31,0.1865,0.6654,-0.5729,0.3511,7.1586,
SPY 3x when > SMA150,lev3x_sma,n=150,2022+,2022-01-03,0.2093,0.7318,-0.4434,0.3384,6.7594,
SPY 3x when > SMA200,lev3x_sma,n=200,all,1994-02-09,0.1646,0.6022,-0.7078,0.3645,6.563,
SPY 3x when > SMA200,lev3x_sma,n=200,IS,1994-02-09,0.1321,0.5216,-0.7078,0.3708,7.2807,
SPY 3x when > SMA200,lev3x_sma,n=200,OOS,2014-12-31,0.2214,0.7457,-0.5076,0.353,5.2837,
SPY 3x when > SMA200,lev3x_sma,n=200,2022+,2022-01-03,0.1542,0.5948,-0.5076,0.3373,6.337,
SPY 3x when > SMA250,lev3x_sma,n=250,all,1994-02-09,0.1625,0.5911,-0.615,0.3752,5.2749,
SPY 3x when > SMA250,lev3x_sma,n=250,IS,1994-02-09,0.1473,0.5535,-0.615,0.3802,5.1732,
SPY 3x when > SMA250,lev3x_sma,n=250,OOS,2014-12-31,0.1869,0.6534,-0.5366,0.3663,5.4542,
SPY 3x when > SMA250,lev3x_sma,n=250,2022+,2022-01-03,0.1028,0.4542,-0.5366,0.3556,7.1819,
QQQ SMA150 timing 1x,sma_timing,"n=150,lev=1",all,2000-03-21,0.0729,0.5245,-0.7154,0.1582,8.3056,
QQQ SMA150 timing 1x,sma_timing,"n=150,lev=1",IS,2000-03-21,0.0025,0.0951,-0.7154,0.1569,10.8416,
QQQ SMA150 timing 1x,sma_timing,"n=150,lev=1",OOS,2014-12-31,0.1674,1.0503,-0.2199,0.1596,5.1133,
QQQ SMA150 timing 1x,sma_timing,"n=150,lev=1",2022+,2022-01-03,0.1581,1.0371,-0.1346,0.1528,5.9145,
QQQ SMA150 timing 2x,sma_timing,"n=150,lev=2",all,2000-03-21,0.0972,0.4529,-0.9349,0.3164,16.6112,
QQQ SMA150 timing 2x,sma_timing,"n=150,lev=2",IS,2000-03-21,-0.0401,0.0286,-0.9349,0.3139,21.6832,
QQQ SMA150 timing 2x,sma_timing,"n=150,lev=2",OOS,2014-12-31,0.2956,0.9726,-0.4039,0.3192,10.2266,
QQQ SMA150 timing 2x,sma_timing,"n=150,lev=2",2022+,2022-01-03,0.2547,0.8959,-0.2644,0.3056,11.829,
QQQ SMA200 timing 1x,sma_timing,"n=200,lev=1",all,2000-03-21,0.0788,0.5486,-0.5583,0.1624,7.022,
QQQ SMA200 timing 1x,sma_timing,"n=200,lev=1",IS,2000-03-21,0.0244,0.2302,-0.5583,0.1619,8.6733,
QQQ SMA200 timing 1x,sma_timing,"n=200,lev=1",OOS,2014-12-31,0.1503,0.9407,-0.2234,0.1631,4.9428,
QQQ SMA200 timing 1x,sma_timing,"n=200,lev=1",2022+,2022-01-03,0.1546,0.9961,-0.1888,0.1567,4.2246,
QQQ SMA200 timing 2x,sma_timing,"n=200,lev=2",all,2000-03-21,0.1078,0.4789,-0.8449,0.3249,14.044,
QQQ SMA200 timing 2x,sma_timing,"n=200,lev=2",IS,2000-03-21,0.0009,0.1658,-0.8449,0.3238,17.3466,
QQQ SMA200 timing 2x,sma_timing,"n=200,lev=2",OOS,2014-12-31,0.2564,0.8645,-0.4181,0.3262,9.8857,
QQQ SMA200 timing 2x,sma_timing,"n=200,lev=2",2022+,2022-01-03,0.2456,0.8582,-0.3692,0.3133,8.4493,
QQQ SMA250 timing 1x,sma_timing,"n=250,lev=1",all,2000-03-21,0.096,0.6328,-0.3791,0.1671,5.5119,
QQQ SMA250 timing 1x,sma_timing,"n=250,lev=1",IS,2000-03-21,0.0588,0.4242,-0.3791,0.1679,5.5563,
QQQ SMA250 timing 1x,sma_timing,"n=250,lev=1",OOS,2014-12-31,0.1438,0.8927,-0.261,0.166,5.4542,
QQQ SMA250 timing 1x,sma_timing,"n=250,lev=1",2022+,2022-01-03,0.1244,0.8128,-0.2577,0.1601,5.9145,
QQQ SMA250 timing 2x,sma_timing,"n=250,lev=2",all,2000-03-21,0.1417,0.5648,-0.6883,0.3341,11.0238,
QQQ SMA250 timing 2x,sma_timing,"n=250,lev=2",IS,2000-03-21,0.067,0.3618,-0.6883,0.3358,11.1127,
QQQ SMA250 timing 2x,sma_timing,"n=250,lev=2",OOS,2014-12-31,0.2408,0.8176,-0.4796,0.332,10.9084,
QQQ SMA250 timing 2x,sma_timing,"n=250,lev=2",2022+,2022-01-03,0.1799,0.6777,-0.4715,0.3201,11.829,
QQQ 3x when > SMA150,lev3x_sma,n=150,all,2000-03-21,0.0947,0.4318,-0.986,0.4746,8.3056,
QQQ 3x when > SMA150,lev3x_sma,n=150,IS,2000-03-21,-0.1002,0.0159,-0.986,0.4709,10.8416,
QQQ 3x when > SMA150,lev3x_sma,n=150,OOS,2014-12-31,0.3971,0.9411,-0.553,0.4787,5.1133,
QQQ 3x when > SMA150,lev3x_sma,n=150,2022+,2022-01-03,0.3263,0.8466,-0.3811,0.4583,5.9145,
QQQ 3x when > SMA200,lev3x_sma,n=200,all,2000-03-21,0.1072,0.4558,-0.9513,0.4873,7.022,
QQQ 3x when > SMA200,lev3x_sma,n=200,IS,2000-03-21,-0.0459,0.1491,-0.9513,0.4857,8.6733,
QQQ 3x when > SMA200,lev3x_sma,n=200,OOS,2014-12-31,0.3314,0.8333,-0.5667,0.4892,4.9428,
QQQ 3x when > SMA200,lev3x_sma,n=200,2022+,2022-01-03,0.307,0.8063,-0.5103,0.47,4.2246,
QQQ 3x when > SMA250,lev3x_sma,n=250,all,2000-03-21,0.1538,0.5389,-0.8681,0.5012,5.5119,
QQQ 3x when > SMA250,lev3x_sma,n=250,IS,2000-03-21,0.0437,0.3392,-0.8681,0.5037,5.5563,
QQQ 3x when > SMA250,lev3x_sma,n=250,OOS,2014-12-31,0.3052,0.7876,-0.6352,0.4979,5.4542,
QQQ 3x when > SMA250,lev3x_sma,n=250,2022+,2022-01-03,0.205,0.6301,-0.6228,0.4801,5.9145,
BTC-USD SMA20 timing,crypto_sma,n=20,all,2015-06-05,0.5753,1.2279,-0.6802,0.4526,38.1659,
BTC-USD SMA20 timing,crypto_sma,n=20,IS,2015-06-05,1.2803,1.839,-0.4177,0.5213,32.1095,
BTC-USD SMA20 timing,crypto_sma,n=20,OOS,2019-12-31,0.224,0.7045,-0.6802,0.3989,42.2461,
BTC-USD SMA20 timing,crypto_sma,n=20,2022+,2022-01-01,0.0396,0.2822,-0.4978,0.3319,40.9287,
BTC-USD SMA50 timing,crypto_sma,n=50,all,2015-06-05,0.7807,1.4425,-0.5909,0.4793,18.0693,
BTC-USD SMA50 timing,crypto_sma,n=50,IS,2015-06-05,1.0885,1.5803,-0.5909,0.5678,16.164,
BTC-USD SMA50 timing,crypto_sma,n=50,OOS,2019-12-31,0.5984,1.3507,-0.5797,0.4087,19.3505,
BTC-USD SMA50 timing,crypto_sma,n=50,2022+,2022-01-01,0.2216,0.7671,-0.5072,0.3327,21.6187,
BTC-USD SMA100 timing,crypto_sma,n=100,all,2015-06-05,0.6882,1.2883,-0.6127,0.5052,12.4282,
BTC-USD SMA100 timing,crypto_sma,n=100,IS,2015-06-05,1.0758,1.493,-0.6127,0.6161,10.9216,
BTC-USD SMA100 timing,crypto_sma,n=100,OOS,2019-12-31,0.4678,1.1336,-0.3856,0.4135,13.4419,
BTC-USD SMA100 timing,crypto_sma,n=100,2022+,2022-01-01,0.2508,0.8531,-0.3702,0.323,13.2231,
BTC-USD SMA200 timing,crypto_sma,n=200,all,2015-06-05,0.6214,1.1826,-0.7043,0.5251,6.6107,
BTC-USD SMA200 timing,crypto_sma,n=200,IS,2015-06-05,1.0986,1.4704,-0.7043,0.6463,3.9318,
BTC-USD SMA200 timing,crypto_sma,n=200,OOS,2019-12-31,0.3615,0.9397,-0.6532,0.4235,8.4197,
BTC-USD SMA200 timing,crypto_sma,n=200,2022+,2022-01-01,0.3236,1.0025,-0.3273,0.3352,6.9264,
ETH-USD SMA20 timing,crypto_sma,n=20,all,2018-07-28,0.4616,0.9517,-0.5143,0.5629,36.1096,
ETH-USD SMA20 timing,crypto_sma,n=20,IS,2018-07-28,0.182,0.5767,-0.3862,0.5784,30.067,
ETH-USD SMA20 timing,crypto_sma,n=20,OOS,2019-12-31,0.5279,1.0327,-0.5143,0.5596,37.5192,
ETH-USD SMA20 timing,crypto_sma,n=20,2022+,2022-01-01,0.0425,0.3182,-0.4671,0.4658,37.1507,
ETH-USD SMA50 timing,crypto_sma,n=50,all,2018-07-28,0.5032,1.0102,-0.5786,0.5574,19.1527,
ETH-USD SMA50 timing,crypto_sma,n=50,IS,2018-07-28,-0.103,0.059,-0.4514,0.5267,18.1801,
ETH-USD SMA50 timing,crypto_sma,n=50,OOS,2019-12-31,0.6761,1.1983,-0.5786,0.5635,19.3505,
ETH-USD SMA50 timing,crypto_sma,n=50,2022+,2022-01-01,0.2804,0.7839,-0.4145,0.4338,17.4209,
ETH-USD SMA100 timing,crypto_sma,n=100,all,2018-07-28,0.3837,0.8572,-0.7452,0.5828,14.2731,
ETH-USD SMA100 timing,crypto_sma,n=100,IS,2018-07-28,0.391,0.9457,-0.3756,0.4613,6.9923,
ETH-USD SMA100 timing,crypto_sma,n=100,OOS,2019-12-31,0.382,0.8471,-0.7452,0.6054,15.8053,
ETH-USD SMA100 timing,crypto_sma,n=100,2022+,2022-01-01,0.0994,0.4346,-0.5278,0.4237,16.5814,
ETH-USD SMA200 timing,crypto_sma,n=200,all,2018-07-28,0.4667,0.9534,-0.7124,0.5876,5.4896,
ETH-USD SMA200 timing,crypto_sma,n=200,IS,2018-07-28,0.0576,0.3513,-0.486,0.4508,4.1954,
ETH-USD SMA200 timing,crypto_sma,n=200,OOS,2019-12-31,0.5714,1.0529,-0.6383,0.6125,5.7608,
ETH-USD SMA200 timing,crypto_sma,n=200,2022+,2022-01-01,0.1932,0.6423,-0.3886,0.3955,5.8769,
BTC multi-timeframe trend (20/50/100),crypto_mtf,,all,2015-06-05,0.6335,1.4156,-0.4943,0.4033,24.9445,
BTC multi-timeframe trend (20/50/100),crypto_mtf,,IS,2015-06-05,1.0308,1.7086,-0.4943,0.4815,24.0275,
BTC multi-timeframe trend (20/50/100),crypto_mtf,,OOS,2019-12-31,0.4096,1.1775,-0.3937,0.3401,25.5544,
BTC multi-timeframe trend (20/50/100),crypto_mtf,,2022+,2022-01-01,0.2362,0.9307,-0.3448,0.2653,22.0385,
GEM dual momentum 189d,gem,look=189,all,2003-08-12,0.0772,0.5685,-0.3372,0.151,4.5865,
GEM dual momentum 189d,gem,look=189,IS,2003-08-12,0.0942,0.6818,-0.2375,0.1482,3.6904,
GEM dual momentum 189d,gem,look=189,OOS,2014-12-31,0.0601,0.4571,-0.3372,0.1538,5.4542,
GEM dual momentum 189d,gem,look=189,2022+,2022-01-03,0.0453,0.3892,-0.2114,0.1386,4.2246,
GEM dual momentum 252d,gem,look=252,all,2003-08-12,0.0995,0.6832,-0.3372,0.157,2.7692,
GEM dual momentum 252d,gem,look=252,IS,2003-08-12,0.1261,0.8518,-0.2002,0.1533,2.1088,
GEM dual momentum 252d,gem,look=252,OOS,2014-12-31,0.0734,0.5218,-0.3372,0.1606,3.4089,
GEM dual momentum 252d,gem,look=252,2022+,2022-01-03,0.0656,0.4943,-0.2401,0.1518,4.2246,
GEM dual momentum 315d,gem,look=315,all,2003-08-12,0.1028,0.6898,-0.3372,0.1607,2.6827,
GEM dual momentum 315d,gem,look=315,IS,2003-08-12,0.131,0.8876,-0.2483,0.1518,1.9331,
GEM dual momentum 315d,gem,look=315,OOS,2014-12-31,0.0752,0.5141,-0.3372,0.169,3.4089,
GEM dual momentum 315d,gem,look=315,2022+,2022-01-03,0.0249,0.2337,-0.3299,0.1602,4.2246,
VAA-G4 top1,vaa,top=1,all,2004-10-12,0.1131,0.8361,-0.1875,0.1399,14.2177,
VAA-G4 top1,vaa,top=1,IS,2004-10-12,0.1839,1.1043,-0.1875,0.1653,13.3147,
VAA-G4 top1,vaa,top=1,OOS,2014-12-31,0.0551,0.5302,-0.1764,0.1133,14.999,
VAA-G4 top1,vaa,top=1,2022+,2022-01-03,0.0215,0.2257,-0.1424,0.1342,14.7863,
VAA-G4 top2,vaa,top=2,all,2004-10-12,0.1049,0.8835,-0.2376,0.1212,12.6684,
VAA-G4 top2,vaa,top=2,IS,2004-10-12,0.1627,1.1166,-0.2376,0.1444,12.2378,
VAA-G4 top2,vaa,top=2,OOS,2014-12-31,0.0569,0.622,-0.2292,0.0965,13.0389,
VAA-G4 top2,vaa,top=2,2022+,2022-01-03,0.0217,0.2496,-0.1582,0.1106,13.0964,
sector rotation 63d top2,sector_rot,"look=63,top=2",all,2000-01-12,0.0833,0.6359,-0.2217,0.1416,9.2972,
sector rotation 63d top2,sector_rot,"look=63,top=2",IS,2000-01-12,0.0891,0.6861,-0.2217,0.1384,8.4312,
sector rotation 63d top2,sector_rot,"look=63,top=2",OOS,2014-12-31,0.0748,0.5687,-0.2065,0.1456,10.397,
sector rotation 63d top2,sector_rot,"look=63,top=2",2022+,2022-01-03,0.0734,0.5767,-0.1481,0.1398,9.7167,
sector rotation 63d top3,sector_rot,"look=63,top=3",all,2000-01-12,0.0943,0.7577,-0.1968,0.1302,7.8976,
sector rotation 63d top3,sector_rot,"look=63,top=3",IS,2000-01-12,0.1047,0.8343,-0.1364,0.1294,6.9591,
sector rotation 63d top3,sector_rot,"look=63,top=3",OOS,2014-12-31,0.0799,0.6521,-0.1968,0.1312,9.0903,
sector rotation 63d top3,sector_rot,"look=63,top=3",2022+,2022-01-03,0.0752,0.6627,-0.1433,0.1204,9.435,
sector rotation 126d top2,sector_rot,"look=126,top=2",all,2000-01-12,0.0868,0.6461,-0.2343,0.1452,7.0104,
sector rotation 126d top2,sector_rot,"look=126,top=2",IS,2000-01-12,0.1064,0.7658,-0.2276,0.1461,6.4238,
sector rotation 126d top2,sector_rot,"look=126,top=2",OOS,2014-12-31,0.0613,0.485,-0.2343,0.1441,7.7552,
sector rotation 126d top2,sector_rot,"look=126,top=2",2022+,2022-01-03,0.0389,0.3507,-0.1979,0.1348,7.6044,
sector rotation 126d top3,sector_rot,"look=126,top=3",all,2000-01-12,0.0898,0.7148,-0.2098,0.1327,6.1482,
sector rotation 126d top3,sector_rot,"look=126,top=3",IS,2000-01-12,0.1129,0.8697,-0.1741,0.1332,5.487,
sector rotation 126d top3,sector_rot,"look=126,top=3",OOS,2014-12-31,0.0601,0.5082,-0.2098,0.1321,6.9882,
sector rotation 126d top3,sector_rot,"look=126,top=3",2022+,2022-01-03,0.022,0.2403,-0.2098,0.1213,7.4635,
sector rotation 252d top2,sector_rot,"look=252,top=2",all,2000-01-12,0.092,0.6789,-0.2263,0.1452,6.1107,
sector rotation 252d top2,sector_rot,"look=252,top=2",IS,2000-01-12,0.1016,0.7378,-0.2104,0.1456,5.5539,
sector rotation 252d top2,sector_rot,"look=252,top=2",OOS,2014-12-31,0.0784,0.5946,-0.2263,0.1447,6.8177,
sector rotation 252d top2,sector_rot,"look=252,top=2",2022+,2022-01-03,0.0934,0.7136,-0.1929,0.1387,7.8156,
sector rotation 252d top3,sector_rot,"look=252,top=3",all,2000-01-12,0.0934,0.7381,-0.2203,0.133,5.1235,
sector rotation 252d top3,sector_rot,"look=252,top=3",IS,2000-01-12,0.105,0.8177,-0.2071,0.1329,4.5502,
sector rotation 252d top3,sector_rot,"look=252,top=3",OOS,2014-12-31,0.0776,0.628,-0.2203,0.1332,5.8519,
sector rotation 252d top3,sector_rot,"look=252,top=3",2022+,2022-01-03,0.0941,0.7814,-0.1836,0.1252,5.9145,
TSMOM 8 ETFs 126d,tsmom,look=126,all,2007-06-13,0.048,1.0126,-0.1029,0.0474,2.1475,
TSMOM 8 ETFs 126d,tsmom,look=126,IS,2007-06-13,0.0494,1.0853,-0.0446,0.0454,1.8397,
TSMOM 8 ETFs 126d,tsmom,look=126,OOS,2014-12-31,0.0469,0.9658,-0.1029,0.0487,2.3448,
TSMOM 8 ETFs 126d,tsmom,look=126,2022+,2022-01-03,0.0534,1.1261,-0.0537,0.0472,2.2489,
TSMOM 8 ETFs 252d,tsmom,look=252,all,2007-06-13,0.0452,0.9232,-0.1074,0.0493,1.6626,
TSMOM 8 ETFs 252d,tsmom,look=252,IS,2007-06-13,0.0514,1.1259,-0.0539,0.0454,1.401,
TSMOM 8 ETFs 252d,tsmom,look=252,OOS,2014-12-31,0.041,0.806,-0.1074,0.0516,1.8303,
TSMOM 8 ETFs 252d,tsmom,look=252,2022+,2022-01-03,0.0628,1.197,-0.0583,0.052,1.6457,
risk parity SPY/TLT/GLD,risk_parity,,all,2006-03-10,0.0922,1.0068,-0.2221,0.0918,0.9168,
risk parity SPY/TLT/GLD,risk_parity,,IS,2006-03-10,0.1063,1.1707,-0.1378,0.0897,0.8828,
risk parity SPY/TLT/GLD,risk_parity,,OOS,2014-12-31,0.0812,0.8826,-0.2221,0.0934,0.942,
risk parity SPY/TLT/GLD,risk_parity,,2022+,2022-01-03,0.0696,0.6813,-0.2153,0.1072,0.8411,
SPY overnight (close->open),overnight,,all,1994-02-09,-0.1456,-1.4136,-0.9942,0.1072,504.0,
SPY overnight (close->open),overnight,,IS,1994-02-09,-0.1417,-1.4223,-0.9596,0.1036,504.0,
SPY overnight (close->open),overnight,,OOS,2014-12-31,-0.1525,-1.4018,-0.8618,0.1134,504.0,
SPY overnight (close->open),overnight,,2022+,2022-01-03,-0.1703,-1.7468,-0.5956,0.1038,504.0,
SPY IBS 0.1/0.8,ibs,"lo=0.1,hi=0.8",all,1994-02-09,0.1112,0.982,-0.1796,0.1139,39.6232,
SPY IBS 0.1/0.8,ibs,"lo=0.1,hi=0.8",IS,1994-02-09,0.1155,0.975,-0.1696,0.1194,41.4811,
SPY IBS 0.1/0.8,ibs,"lo=0.1,hi=0.8",OOS,2014-12-31,0.1026,0.994,-0.1796,0.1036,36.3044,
SPY IBS 0.1/0.8,ibs,"lo=0.1,hi=0.8",2022+,2022-01-03,0.1305,1.1992,-0.1062,0.107,39.078,
SPY IBS 0.2/0.8,ibs,"lo=0.2,hi=0.8",all,1994-02-09,0.1115,0.8564,-0.2613,0.1338,58.8215,
SPY IBS 0.2/0.8,ibs,"lo=0.2,hi=0.8",IS,1994-02-09,0.1129,0.8282,-0.2613,0.1412,60.5451,
SPY IBS 0.2/0.8,ibs,"lo=0.2,hi=0.8",OOS,2014-12-31,0.1079,0.916,-0.2042,0.1197,55.7349,
SPY IBS 0.2/0.8,ibs,"lo=0.2,hi=0.8",2022+,2022-01-03,0.1332,1.0859,-0.1138,0.1219,59.145,
SPY IBS 0.25/0.75,ibs,"lo=0.25,hi=0.75",all,1994-02-09,0.0959,0.753,-0.2594,0.1334,70.322,
SPY IBS 0.25/0.75,ibs,"lo=0.25,hi=0.75",IS,1994-02-09,0.0975,0.7382,-0.2594,0.1391,71.6579,
SPY IBS 0.25/0.75,ibs,"lo=0.25,hi=0.75",OOS,2014-12-31,0.0921,0.7797,-0.1964,0.1226,67.9215,
SPY IBS 0.25/0.75,ibs,"lo=0.25,hi=0.75",2022+,2022-01-03,0.1075,0.8758,-0.1092,0.1255,71.1852,
SPY RSI2<5,rsi2,lo=5,all,1994-02-09,0.0493,0.9953,-0.1413,0.0496,7.851,
SPY RSI2<5,rsi2,lo=5,IS,1994-02-09,0.0501,0.9943,-0.1413,0.0505,6.9933,
SPY RSI2<5,rsi2,lo=5,OOS,2014-12-31,0.0479,0.9975,-0.0816,0.0481,9.3744,
SPY RSI2<5,rsi2,lo=5,2022+,2022-01-03,0.0712,1.867,-0.0562,0.0372,9.7167,
SPY RSI2<10,rsi2,lo=10,all,1994-02-09,0.0689,1.0746,-0.1488,0.0639,16.0394,
SPY RSI2<10,rsi2,lo=10,IS,1994-02-09,0.0738,1.1174,-0.1488,0.0656,15.28,
SPY RSI2<10,rsi2,lo=10,OOS,2014-12-31,0.0603,0.9941,-0.091,0.0608,17.3852,
SPY RSI2<10,rsi2,lo=10,2022+,2022-01-03,0.0898,1.7084,-0.0562,0.0511,18.5884,
SPY RSI2<15,rsi2,lo=15,all,1994-02-09,0.07,0.9485,-0.144,0.0742,23.7065,
SPY RSI2<15,rsi2,lo=15,IS,1994-02-09,0.0751,0.9905,-0.144,0.076,23.0397,
SPY RSI2<15,rsi2,lo=15,OOS,2014-12-31,0.0609,0.8695,-0.1121,0.0709,24.8847,
SPY RSI2<15,rsi2,lo=15,2022+,2022-01-03,0.0768,1.1733,-0.0562,0.0649,25.7703,
SPY turn-of-month -3/+2,tom,"b=3,a=2",all,1994-02-09,0.0542,0.6368,-0.1865,0.0891,24.0131,
SPY turn-of-month -3/+2,tom,"b=3,a=2",IS,1994-02-09,0.0571,0.6353,-0.1865,0.0944,23.9977,
SPY turn-of-month -3/+2,tom,"b=3,a=2",OOS,2014-12-31,0.0482,0.6357,-0.1258,0.0789,24.0325,
SPY turn-of-month -3/+2,tom,"b=3,a=2",2022+,2022-01-03,0.1025,1.2763,-0.1144,0.0789,24.0805,
SPY turn-of-month -4/+3,tom,"b=4,a=3",all,1994-02-09,0.0768,0.7468,-0.2087,0.1067,24.0131,
SPY turn-of-month -4/+3,tom,"b=4,a=3",IS,1994-02-09,0.0806,0.75,-0.2087,0.1117,23.9977,
SPY turn-of-month -4/+3,tom,"b=4,a=3",OOS,2014-12-31,0.0692,0.7357,-0.1455,0.0974,24.0325,
SPY turn-of-month -4/+3,tom,"b=4,a=3",2022+,2022-01-03,0.0723,0.7757,-0.1455,0.0959,24.0805,
SPY turn-of-month -5/+4,tom,"b=5,a=4",all,1994-02-09,0.0806,0.6991,-0.2422,0.1214,24.0131,
SPY turn-of-month -5/+4,tom,"b=5,a=4",IS,1994-02-09,0.0839,0.6987,-0.2422,0.1268,23.9977,
SPY turn-of-month -5/+4,tom,"b=5,a=4",OOS,2014-12-31,0.0737,0.6958,-0.2008,0.1112,24.0325,
SPY turn-of-month -5/+4,tom,"b=5,a=4",2022+,2022-01-03,0.0661,0.6394,-0.2008,0.1095,24.0805,
QQQ overnight (close->open),overnight,,all,2000-03-21,-0.1399,-0.9937,-0.9828,0.1415,504.0,
QQQ overnight (close->open),overnight,,IS,2000-03-21,-0.1519,-1.0575,-0.9146,0.1457,504.0,
QQQ overnight (close->open),overnight,,OOS,2014-12-31,-0.1244,-0.9083,-0.8057,0.136,504.0,
QQQ overnight (close->open),overnight,,2022+,2022-01-03,-0.1482,-1.0898,-0.5583,0.1384,504.0,
QQQ IBS 0.1/0.8,ibs,"lo=0.1,hi=0.8",all,2000-03-21,0.1285,0.789,-0.4042,0.1716,39.8292,
QQQ IBS 0.1/0.8,ibs,"lo=0.1,hi=0.8",IS,2000-03-21,0.1001,0.5754,-0.4042,0.2002,41.4015,
QQQ IBS 0.1/0.8,ibs,"lo=0.1,hi=0.8",OOS,2014-12-31,0.1641,1.2597,-0.1288,0.127,37.8383,
QQQ IBS 0.1/0.8,ibs,"lo=0.1,hi=0.8",2022+,2022-01-03,0.1785,1.2697,-0.1191,0.1367,39.5004,
QQQ IBS 0.2/0.8,ibs,"lo=0.2,hi=0.8",all,2000-03-21,0.1183,0.6714,-0.5488,0.1945,58.6301,
QQQ IBS 0.2/0.8,ibs,"lo=0.2,hi=0.8",IS,2000-03-21,0.0801,0.4564,-0.5488,0.223,59.5612,
QQQ IBS 0.2/0.8,ibs,"lo=0.2,hi=0.8",OOS,2014-12-31,0.1671,1.0972,-0.1567,0.1512,57.4393,
QQQ IBS 0.2/0.8,ibs,"lo=0.2,hi=0.8",2022+,2022-01-03,0.1442,0.9076,-0.1217,0.1629,59.5675,
QQQ IBS 0.25/0.75,ibs,"lo=0.25,hi=0.75",all,2000-03-21,0.1181,0.6727,-0.4165,0.1935,70.107,
QQQ IBS 0.25/0.75,ibs,"lo=0.25,hi=0.75",IS,2000-03-21,0.0889,0.4967,-0.4165,0.2195,70.8094,
QQQ IBS 0.25/0.75,ibs,"lo=0.25,hi=0.75",OOS,2014-12-31,0.1548,1.0067,-0.1702,0.1548,69.1999,
QQQ IBS 0.25/0.75,ibs,"lo=0.25,hi=0.75",2022+,2022-01-03,0.1451,0.8983,-0.1563,0.166,70.1291,
QQQ RSI2<5,rsi2,lo=5,all,2000-03-21,0.0419,0.6421,-0.1222,0.0674,8.1546,
QQQ RSI2<5,rsi2,lo=5,IS,2000-03-21,0.0361,0.5451,-0.1222,0.0694,7.1826,
QQQ RSI2<5,rsi2,lo=5,OOS,2014-12-31,0.0492,0.7733,-0.0849,0.0649,9.3744,
QQQ RSI2<5,rsi2,lo=5,2022+,2022-01-03,0.0743,1.4375,-0.0585,0.0507,8.4493,
QQQ RSI2<10,rsi2,lo=10,all,2000-03-21,0.0518,0.6451,-0.1539,0.0837,15.8562,
QQQ RSI2<10,rsi2,lo=10,IS,2000-03-21,0.0461,0.5718,-0.1539,0.0851,14.5007,
QQQ RSI2<10,rsi2,lo=10,OOS,2014-12-31,0.059,0.7411,-0.1156,0.0818,17.5556,
QQQ RSI2<10,rsi2,lo=10,2022+,2022-01-03,0.1008,1.346,-0.0702,0.0733,17.7435,
QQQ RSI2<15,rsi2,lo=15,all,2000-03-21,0.0614,0.6708,-0.1539,0.0956,22.0476,
QQQ RSI2<15,rsi2,lo=15,IS,2000-03-21,0.0555,0.605,-0.1539,0.0971,20.1925,
QQQ RSI2<15,rsi2,lo=15,OOS,2014-12-31,0.0688,0.7564,-0.1074,0.0938,24.3734,
QQQ RSI2<15,rsi2,lo=15,2022+,2022-01-03,0.1078,1.26,-0.0804,0.084,24.9254,
QQQ turn-of-month -3/+2,tom,"b=3,a=2",all,2000-03-21,0.0334,0.3191,-0.5645,0.1289,24.0485,
QQQ turn-of-month -3/+2,tom,"b=3,a=2",IS,2000-03-21,0.0072,0.1221,-0.5645,0.1465,24.0549,
QQQ turn-of-month -3/+2,tom,"b=3,a=2",OOS,2014-12-31,0.0663,0.6776,-0.1473,0.1025,24.0325,
QQQ turn-of-month -3/+2,tom,"b=3,a=2",2022+,2022-01-03,0.1314,1.1938,-0.1473,0.1083,24.0805,
QQQ turn-of-month -4/+3,tom,"b=4,a=3",all,2000-03-21,0.0642,0.4835,-0.4993,0.1528,24.0485,
QQQ turn-of-month -4/+3,tom,"b=4,a=3",IS,2000-03-21,0.0475,0.3561,-0.4993,0.1711,24.0549,
QQQ turn-of-month -4/+3,tom,"b=4,a=3",OOS,2014-12-31,0.0847,0.7078,-0.1731,0.1261,24.0325,
QQQ turn-of-month -4/+3,tom,"b=4,a=3",2022+,2022-01-03,0.0976,0.7704,-0.1731,0.1322,24.0805,
QQQ turn-of-month -5/+4,tom,"b=5,a=4",all,2000-03-21,0.0684,0.4698,-0.4354,0.1722,24.0485,
QQQ turn-of-month -5/+4,tom,"b=5,a=4",IS,2000-03-21,0.0557,0.3776,-0.4354,0.1923,24.0549,
QQQ turn-of-month -5/+4,tom,"b=5,a=4",OOS,2014-12-31,0.0835,0.6323,-0.2585,0.143,24.0325,
QQQ turn-of-month -5/+4,tom,"b=5,a=4",2022+,2022-01-03,0.0679,0.514,-0.2585,0.1497,24.0805,
SPY sma50_200,ta_sma50_200,,all,1994-02-09,0.1044,0.787,-0.3372,0.1384,0.92,
SPY sma50_200,ta_sma50_200,,IS,1994-02-09,0.1131,0.8753,-0.1911,0.1325,0.8622,
SPY sma50_200,ta_sma50_200,,OOS,2014-12-31,0.0881,0.6437,-0.3372,0.1483,1.0227,
SPY sma50_200,ta_sma50_200,,2022+,2022-01-03,0.1065,0.817,-0.1876,0.135,0.8449,
SPY macd,ta_macd,,all,1994-02-09,0.0489,0.4851,-0.3561,0.1111,21.1303,
SPY macd,ta_macd,,IS,1994-02-09,0.0386,0.3818,-0.3561,0.1173,20.6447,
SPY macd,ta_macd,,OOS,2014-12-31,0.0664,0.6983,-0.1547,0.0991,21.9871,
SPY macd,ta_macd,,2022+,2022-01-03,0.0669,0.6674,-0.1462,0.1053,21.9681,
SPY heikin_ashi,ta_heikin_ashi,,all,1994-02-09,0.0099,0.1428,-0.7108,0.1177,64.6177,
SPY heikin_ashi,ta_heikin_ashi,,IS,1994-02-09,-0.0097,-0.0191,-0.7108,0.1217,63.4191,
SPY heikin_ashi,ta_heikin_ashi,,OOS,2014-12-31,0.0457,0.4606,-0.2628,0.1103,66.8137,
SPY heikin_ashi,ta_heikin_ashi,,2022+,2022-01-03,0.0108,0.1502,-0.2628,0.1171,69.2842,
SPY awesome_osc,ta_awesome_osc,,all,1994-02-09,0.0542,0.5191,-0.2365,0.1143,10.0591,
SPY awesome_osc,ta_awesome_osc,,IS,1994-02-09,0.0444,0.4267,-0.2365,0.1181,10.4421,
SPY awesome_osc,ta_awesome_osc,,OOS,2014-12-31,0.071,0.6937,-0.2319,0.1072,9.3744,
SPY awesome_osc,ta_awesome_osc,,2022+,2022-01-03,0.0814,0.7675,-0.1859,0.1099,8.8718,
SPY boll_breakout,ta_boll_breakout,,all,1994-02-09,0.0237,0.382,-0.2266,0.0672,8.4644,
SPY boll_breakout,ta_boll_breakout,,IS,1994-02-09,0.0213,0.3329,-0.2266,0.0707,8.9093,
SPY boll_breakout,ta_boll_breakout,,OOS,2014-12-31,0.028,0.4873,-0.1027,0.0604,7.6699,
SPY boll_breakout,ta_boll_breakout,,2022+,2022-01-03,0.0494,0.7292,-0.0991,0.0695,7.8156,
SPY donchian_turtle,ta_donchian_turtle,,all,1994-02-09,0.0529,0.5897,-0.3529,0.0952,8.7404,
SPY donchian_turtle,ta_donchian_turtle,,IS,1994-02-09,0.0375,0.4274,-0.3529,0.0972,8.5261,
SPY donchian_turtle,ta_donchian_turtle,,OOS,2014-12-31,0.081,0.8972,-0.0936,0.0915,9.1187,
SPY donchian_turtle,ta_donchian_turtle,,2022+,2022-01-03,0.0845,0.8876,-0.0869,0.0967,9.2942,
SPY supertrend,ta_supertrend,,all,1994-02-09,0.0643,0.6543,-0.2895,0.1034,7.6364,
SPY supertrend,ta_supertrend,,IS,1994-02-09,0.0625,0.6125,-0.2895,0.1087,6.9454,
SPY supertrend,ta_supertrend,,OOS,2014-12-31,0.0665,0.7365,-0.1332,0.0934,8.863,
SPY supertrend,ta_supertrend,,2022+,2022-01-03,0.0952,0.9868,-0.0877,0.0969,8.0268,
SPY ichimoku_cloud,ta_ichimoku_cloud,,all,1994-02-09,0.0576,0.5591,-0.2884,0.1114,13.0033,
SPY ichimoku_cloud,ta_ichimoku_cloud,,IS,1994-02-09,0.059,0.5632,-0.2884,0.1132,12.3581,
SPY ichimoku_cloud,ta_ichimoku_cloud,,OOS,2014-12-31,0.0543,0.5437,-0.212,0.1081,14.1468,
SPY ichimoku_cloud,ta_ichimoku_cloud,,2022+,2022-01-03,0.061,0.6084,-0.1904,0.1066,13.0964,
SPY rsi14_30_70,ta_rsi14_30_70,,all,1994-02-09,0.0738,0.5536,-0.4763,0.1485,4.7842,
SPY rsi14_30_70,ta_rsi14_30_70,,IS,1994-02-09,0.0673,0.4996,-0.4763,0.154,4.6463,
SPY rsi14_30_70,ta_rsi14_30_70,,OOS,2014-12-31,0.0845,0.6564,-0.2832,0.1382,5.0281,
SPY rsi14_30_70,ta_rsi14_30_70,,2022+,2022-01-03,0.0822,0.6496,-0.1875,0.1357,5.0696,
SPY parabolic_sar,ta_parabolic_sar,,all,1994-02-09,0.017,0.1993,-0.531,0.1221,26.5279,
SPY parabolic_sar,ta_parabolic_sar,,IS,1994-02-09,-0.001,0.0575,-0.531,0.1296,26.7759,
SPY parabolic_sar,ta_parabolic_sar,,OOS,2014-12-31,0.0489,0.4978,-0.2302,0.1075,26.0778,
SPY parabolic_sar,ta_parabolic_sar,,2022+,2022-01-03,0.0387,0.405,-0.186,0.1082,24.9254,
QQQ sma50_200,ta_sma50_200,,all,2000-03-21,0.1154,0.6948,-0.3646,0.1807,1.2081,
QQQ sma50_200,ta_sma50_200,,IS,2000-03-21,0.0761,0.5126,-0.3646,0.1719,1.3552,
QQQ sma50_200,ta_sma50_200,,OOS,2014-12-31,0.1657,0.8982,-0.2856,0.1912,1.0227,
QQQ sma50_200,ta_sma50_200,,2022+,2022-01-03,0.1666,0.9594,-0.2277,0.1769,0.8449,
QQQ macd,ta_macd,,all,2000-03-21,0.0241,0.2276,-0.6885,0.1637,20.1222,
QQQ macd,ta_macd,,IS,2000-03-21,-0.0248,-0.0409,-0.6885,0.1867,20.2603,
QQQ macd,ta_macd,,OOS,2014-12-31,0.0882,0.72,-0.2513,0.1289,19.9418,
QQQ macd,ta_macd,,2022+,2022-01-03,0.0702,0.5468,-0.2349,0.1427,19.4334,
QQQ heikin_ashi,ta_heikin_ashi,,all,2000-03-21,-0.0092,0.0289,-0.8374,0.1678,65.0858,
QQQ heikin_ashi,ta_heikin_ashi,,IS,2000-03-21,-0.0655,-0.2706,-0.8374,0.1862,64.7109,
QQQ heikin_ashi,ta_heikin_ashi,,OOS,2014-12-31,0.0664,0.526,-0.3769,0.1412,65.6206,
QQQ heikin_ashi,ta_heikin_ashi,,2022+,2022-01-03,0.0164,0.183,-0.3415,0.1551,65.9044,
QQQ awesome_osc,ta_awesome_osc,,all,2000-03-21,0.0462,0.3729,-0.4665,0.1524,10.6463,
QQQ awesome_osc,ta_awesome_osc,,IS,2000-03-21,0.0189,0.1969,-0.4665,0.1624,10.4351,
QQQ awesome_osc,ta_awesome_osc,,OOS,2014-12-31,0.0806,0.6282,-0.3183,0.1388,10.9084,
QQQ awesome_osc,ta_awesome_osc,,2022+,2022-01-03,0.0573,0.4501,-0.2839,0.1483,10.5616,
QQQ boll_breakout,ta_boll_breakout,,all,2000-03-21,0.0062,0.1122,-0.4023,0.1003,8.7964,
QQQ boll_breakout,ta_boll_breakout,,IS,2000-03-21,-0.0182,-0.1124,-0.4023,0.1094,9.0799,
QQQ boll_breakout,ta_boll_breakout,,OOS,2014-12-31,0.0377,0.4676,-0.2001,0.0874,8.4369,
QQQ boll_breakout,ta_boll_breakout,,2022+,2022-01-03,0.0735,0.8178,-0.0738,0.0919,7.3931,
QQQ donchian_turtle,ta_donchian_turtle,,all,2000-03-21,0.0493,0.4367,-0.4489,0.1296,8.7964,
QQQ donchian_turtle,ta_donchian_turtle,,IS,2000-03-21,0.014,0.1698,-0.4489,0.1401,8.4023,
QQQ donchian_turtle,ta_donchian_turtle,,OOS,2014-12-31,0.0955,0.8513,-0.1711,0.1149,9.2891,
QQQ donchian_turtle,ta_donchian_turtle,,2022+,2022-01-03,0.1013,0.8363,-0.1484,0.1247,8.8718,
QQQ supertrend,ta_supertrend,,all,2000-03-21,0.06,0.4707,-0.5329,0.1469,7.8526,
QQQ supertrend,ta_supertrend,,IS,2000-03-21,0.0297,0.2619,-0.5329,0.162,7.1148,
QQQ supertrend,ta_supertrend,,OOS,2014-12-31,0.0995,0.8197,-0.1699,0.1253,8.7778,
QQQ supertrend,ta_supertrend,,2022+,2022-01-03,0.1499,1.0951,-0.1361,0.1361,7.3931,
QQQ ichimoku_cloud,ta_ichimoku_cloud,,all,2000-03-21,0.0525,0.4306,-0.4997,0.1426,13.138,
QQQ ichimoku_cloud,ta_ichimoku_cloud,,IS,2000-03-21,0.0301,0.2777,-0.4997,0.1448,11.9258,
QQQ ichimoku_cloud,ta_ichimoku_cloud,,OOS,2014-12-31,0.0804,0.6233,-0.2837,0.1399,14.6581,
QQQ ichimoku_cloud,ta_ichimoku_cloud,,2022+,2022-01-03,0.11,0.8209,-0.1726,0.139,13.5189,
QQQ rsi14_30_70,ta_rsi14_30_70,,all,2000-03-21,0.0379,0.2821,-0.7173,0.2082,4.4548,
QQQ rsi14_30_70,ta_rsi14_30_70,,IS,2000-03-21,-0.0191,0.037,-0.7173,0.2379,3.9978,
QQQ rsi14_30_70,ta_rsi14_30_70,,OOS,2014-12-31,0.1133,0.7388,-0.2589,0.1633,5.0281,
QQQ rsi14_30_70,ta_rsi14_30_70,,2022+,2022-01-03,0.1027,0.6565,-0.2524,0.1711,5.0696,
QQQ parabolic_sar,ta_parabolic_sar,,all,2000-03-21,0.0232,0.2219,-0.5137,0.1651,26.0117,
QQQ parabolic_sar,ta_parabolic_sar,,IS,2000-03-21,-0.0196,-0.0186,-0.5137,0.1809,26.7653,
QQQ parabolic_sar,ta_parabolic_sar,,OOS,2014-12-31,0.0788,0.6031,-0.3524,0.1427,25.0551,
QQQ parabolic_sar,ta_parabolic_sar,,2022+,2022-01-03,0.0606,0.4552,-0.3069,0.1561,24.9254,
GLD sma50_200,ta_sma50_200,,all,2005-12-01,0.0835,0.6055,-0.3515,0.1514,1.298,
GLD sma50_200,ta_sma50_200,,IS,2005-12-01,0.0896,0.6006,-0.3119,0.1658,1.2126,
GLD sma50_200,ta_sma50_200,,OOS,2014-12-31,0.0787,0.6141,-0.2621,0.1393,1.3635,
GLD sma50_200,ta_sma50_200,,2022+,2022-01-03,0.1307,0.7949,-0.2621,0.1737,1.4786,
GLD macd,ta_macd,,all,2005-12-01,0.0788,0.6396,-0.2235,0.1323,20.1427,
GLD macd,ta_macd,,IS,2005-12-01,0.0994,0.7078,-0.2235,0.1497,19.5118,
GLD macd,ta_macd,,OOS,2014-12-31,0.0631,0.5816,-0.2138,0.1171,20.6236,
GLD macd,ta_macd,,2022+,2022-01-03,0.1023,0.7715,-0.2138,0.1388,21.3345,
GLD heikin_ashi,ta_heikin_ashi,,all,2005-12-01,0.0311,0.2937,-0.3325,0.1358,72.2541,
GLD heikin_ashi,ta_heikin_ashi,,IS,2005-12-01,0.0358,0.3057,-0.2409,0.1538,70.1102,
GLD heikin_ashi,ta_heikin_ashi,,OOS,2014-12-31,0.0263,0.2761,-0.2718,0.1201,73.887,
GLD heikin_ashi,ta_heikin_ashi,,2022+,2022-01-03,0.0524,0.4217,-0.2718,0.1469,75.8324,
GLD awesome_osc,ta_awesome_osc,,all,2005-12-01,0.0712,0.5585,-0.3132,0.1411,11.2011,
GLD awesome_osc,ta_awesome_osc,,IS,2005-12-01,0.0798,0.578,-0.2537,0.1532,10.6929,
GLD awesome_osc,ta_awesome_osc,,OOS,2014-12-31,0.0647,0.544,-0.2158,0.1311,11.5901,
GLD awesome_osc,ta_awesome_osc,,2022+,2022-01-03,0.1579,1.0083,-0.1584,0.1579,10.7728,
GLD boll_breakout,ta_boll_breakout,,all,2005-12-01,0.0456,0.4721,-0.2308,0.1065,8.6051,
GLD boll_breakout,ta_boll_breakout,,IS,2005-12-01,0.0564,0.5281,-0.2308,0.117,7.3858,
GLD boll_breakout,ta_boll_breakout,,OOS,2014-12-31,0.0372,0.4238,-0.1612,0.0976,9.5448,
GLD boll_breakout,ta_boll_breakout,,2022+,2022-01-03,0.0689,0.609,-0.139,0.1218,10.3504,
GLD donchian_turtle,ta_donchian_turtle,,all,2005-12-01,0.0491,0.4398,-0.2333,0.1276,8.7974,
GLD donchian_turtle,ta_donchian_turtle,,IS,2005-12-01,0.0576,0.4713,-0.2333,0.1396,8.2677,
GLD donchian_turtle,ta_donchian_turtle,,OOS,2014-12-31,0.0426,0.4139,-0.21,0.1174,9.2039,
GLD donchian_turtle,ta_donchian_turtle,,2022+,2022-01-03,0.0682,0.5323,-0.1501,0.1436,10.7728,
GLD supertrend,ta_supertrend,,all,2005-12-01,0.0744,0.616,-0.2359,0.1305,8.7013,
GLD supertrend,ta_supertrend,,IS,2005-12-01,0.0762,0.5838,-0.2359,0.1436,8.1575,
GLD supertrend,ta_supertrend,,OOS,2014-12-31,0.0717,0.6404,-0.1635,0.1194,9.1187,
GLD supertrend,ta_supertrend,,2022+,2022-01-03,0.1076,0.8115,-0.1445,0.1378,9.9279,
GLD ichimoku_cloud,ta_ichimoku_cloud,,all,2005-12-01,0.052,0.4417,-0.3924,0.1357,13.9893,
GLD ichimoku_cloud,ta_ichimoku_cloud,,IS,2005-12-01,0.0342,0.302,-0.291,0.1478,14.3307,
GLD ichimoku_cloud,ta_ichimoku_cloud,,OOS,2014-12-31,0.0646,0.5612,-0.2125,0.1257,13.8059,
GLD ichimoku_cloud,ta_ichimoku_cloud,,2022+,2022-01-03,0.1827,1.1566,-0.1609,0.1557,11.4065,
GLD rsi14_30_70,ta_rsi14_30_70,,all,2005-12-01,0.0416,0.4213,-0.22,0.1114,5.4323,
GLD rsi14_30_70,ta_rsi14_30_70,,IS,2005-12-01,0.035,0.3266,-0.22,0.132,4.9606,
GLD rsi14_30_70,ta_rsi14_30_70,,OOS,2014-12-31,0.0454,0.5265,-0.1603,0.0924,5.7951,
GLD rsi14_30_70,ta_rsi14_30_70,,2022+,2022-01-03,0.0727,0.7042,-0.1603,0.108,5.492,
GLD parabolic_sar,ta_parabolic_sar,,all,2005-12-01,0.0763,0.6286,-0.2668,0.1306,21.008,
GLD parabolic_sar,ta_parabolic_sar,,IS,2005-12-01,0.058,0.4592,-0.2523,0.1461,21.4961,
GLD parabolic_sar,ta_parabolic_sar,,OOS,2014-12-31,0.0906,0.7994,-0.2314,0.1171,20.6236,
GLD parabolic_sar,ta_parabolic_sar,,2022+,2022-01-03,0.1821,1.2781,-0.2314,0.1385,20.0671,
TLT sma50_200,ta_sma50_200,,all,2003-08-12,0.0268,0.2936,-0.2717,0.1111,1.8606,
TLT sma50_200,ta_sma50_200,,IS,2003-08-12,0.0473,0.4559,-0.2717,0.1161,1.7573,
TLT sma50_200,ta_sma50_200,,OOS,2014-12-31,0.0075,0.1233,-0.2076,0.106,1.9601,
TLT sma50_200,ta_sma50_200,,2022+,2022-01-03,-0.021,-0.2371,-0.1121,0.0771,1.9011,
TLT macd,ta_macd,,all,2003-08-12,0.0122,0.1682,-0.3859,0.1038,20.1202,
TLT macd,ta_macd,,IS,2003-08-12,0.0225,0.2682,-0.2673,0.1028,20.8243,
TLT macd,ta_macd,,OOS,2014-12-31,0.0022,0.073,-0.3859,0.1047,19.4305,
TLT macd,ta_macd,,2022+,2022-01-03,-0.0256,-0.1708,-0.2306,0.114,19.8558,
TLT heikin_ashi,ta_heikin_ashi,,all,2003-08-12,-0.0437,-0.3832,-0.6963,0.1027,72.6923,
TLT heikin_ashi,ta_heikin_ashi,,IS,2003-08-12,-0.032,-0.2672,-0.4857,0.1021,71.8745,
TLT heikin_ashi,ta_heikin_ashi,,OOS,2014-12-31,-0.0547,-0.4927,-0.545,0.1033,73.4609,
TLT heikin_ashi,ta_heikin_ashi,,2022+,2022-01-03,-0.0999,-0.9198,-0.3781,0.108,74.9874,
TLT awesome_osc,ta_awesome_osc,,all,2003-08-12,0.0303,0.3359,-0.1901,0.1052,11.5962,
TLT awesome_osc,ta_awesome_osc,,IS,2003-08-12,0.0546,0.5637,-0.1691,0.1039,11.159,
TLT awesome_osc,ta_awesome_osc,,OOS,2014-12-31,0.0073,0.1219,-0.1901,0.1065,12.0162,
TLT awesome_osc,ta_awesome_osc,,2022+,2022-01-03,-0.0037,0.0097,-0.1346,0.0959,11.4065,
TLT boll_breakout,ta_boll_breakout,,all,2003-08-12,0.018,0.2675,-0.2243,0.0783,9.0,
TLT boll_breakout,ta_boll_breakout,,IS,2003-08-12,0.0314,0.4275,-0.1252,0.0797,8.6987,
TLT boll_breakout,ta_boll_breakout,,OOS,2014-12-31,0.0054,0.1089,-0.2243,0.077,9.2891,
TLT boll_breakout,ta_boll_breakout,,2022+,2022-01-03,-0.0132,-0.1435,-0.2243,0.0738,9.7167,
TLT donchian_turtle,ta_donchian_turtle,,all,2003-08-12,0.0277,0.3439,-0.2637,0.0916,8.2212,
TLT donchian_turtle,ta_donchian_turtle,,IS,2003-08-12,0.0585,0.6716,-0.1198,0.0908,7.6444,
TLT donchian_turtle,ta_donchian_turtle,,OOS,2014-12-31,-0.0012,0.0334,-0.2637,0.0924,8.7778,
TLT donchian_turtle,ta_donchian_turtle,,2022+,2022-01-03,-0.0088,-0.0655,-0.1801,0.0826,8.4493,
TLT supertrend,ta_supertrend,,all,2003-08-12,0.0147,0.1971,-0.2708,0.0985,9.3462,
TLT supertrend,ta_supertrend,,IS,2003-08-12,0.0379,0.4179,-0.1859,0.1013,9.2259,
TLT supertrend,ta_supertrend,,OOS,2014-12-31,-0.0072,-0.0277,-0.2708,0.0957,9.4596,
TLT supertrend,ta_supertrend,,2022+,2022-01-03,-0.0263,-0.2197,-0.1759,0.0991,9.5054,
TLT ichimoku_cloud,ta_ichimoku_cloud,,all,2003-08-12,0.0195,0.2397,-0.3369,0.1023,12.8077,
TLT ichimoku_cloud,ta_ichimoku_cloud,,IS,2003-08-12,0.0505,0.53,-0.1859,0.1029,11.159,
TLT ichimoku_cloud,ta_ichimoku_cloud,,OOS,2014-12-31,-0.0095,-0.0434,-0.3369,0.1017,14.4024,
TLT ichimoku_cloud,ta_ichimoku_cloud,,2022+,2022-01-03,-0.0278,-0.2832,-0.1777,0.0862,12.4627,
TLT rsi14_30_70,ta_rsi14_30_70,,all,2003-08-12,0.0152,0.2051,-0.4288,0.0962,5.2788,
TLT rsi14_30_70,ta_rsi14_30_70,,IS,2003-08-12,0.0315,0.391,-0.2694,0.0897,5.1841,
TLT rsi14_30_70,ta_rsi14_30_70,,OOS,2014-12-31,-0.0004,0.0474,-0.4288,0.1021,5.369,
TLT rsi14_30_70,ta_rsi14_30_70,,2022+,2022-01-03,-0.0506,-0.3423,-0.3497,0.1278,4.8583,
TLT parabolic_sar,ta_parabolic_sar,,all,2003-08-12,0.0043,0.0934,-0.3783,0.1021,23.0625,
TLT parabolic_sar,ta_parabolic_sar,,IS,2003-08-12,0.0261,0.3035,-0.2361,0.102,23.4603,
TLT parabolic_sar,ta_parabolic_sar,,OOS,2014-12-31,-0.0163,-0.1101,-0.3783,0.1021,22.6689,
TLT parabolic_sar,ta_parabolic_sar,,2022+,2022-01-03,-0.0137,-0.0727,-0.1682,0.1085,22.3906,
BTC-USD sma50_200,ta_sma50_200,,all,2015-06-05,0.5711,1.0947,-0.6821,0.5543,1.851,
BTC-USD sma50_200,ta_sma50_200,,IS,2015-06-05,1.1229,1.4698,-0.6535,0.6604,1.3106,
BTC-USD sma50_200,ta_sma50_200,,OOS,2019-12-31,0.2815,0.7692,-0.5534,0.4687,2.2157,
BTC-USD sma50_200,ta_sma50_200,,2022+,2022-01-01,0.165,0.6178,-0.3704,0.3399,2.0989,
BTC-USD macd,ta_macd,,all,2015-06-05,0.6484,1.3362,-0.5453,0.4485,24.68,
BTC-USD macd,ta_macd,,IS,2015-06-05,1.2081,1.7871,-0.4922,0.5171,22.4985,
BTC-USD macd,ta_macd,,OOS,2019-12-31,0.3497,0.9551,-0.5453,0.3949,26.1453,
BTC-USD macd,ta_macd,,2022+,2022-01-01,0.0819,0.4019,-0.4202,0.3329,28.3353,
BTC-USD heikin_ashi,ta_heikin_ashi,,all,2015-06-05,0.4171,0.9835,-0.7743,0.4604,82.59,
BTC-USD heikin_ashi,ta_heikin_ashi,,IS,2015-06-05,1.0417,1.5973,-0.4675,0.5345,78.4171,
BTC-USD heikin_ashi,ta_heikin_ashi,,OOS,2019-12-31,0.1047,0.4463,-0.7743,0.402,85.3784,
BTC-USD heikin_ashi,ta_heikin_ashi,,2022+,2022-01-01,-0.0543,0.0033,-0.5713,0.339,87.5244,
BTC-USD awesome_osc,ta_awesome_osc,,all,2015-06-05,0.7084,1.3655,-0.6139,0.4741,14.191,
BTC-USD awesome_osc,ta_awesome_osc,,IS,2015-06-05,1.1388,1.6455,-0.6139,0.5552,13.3244,
BTC-USD awesome_osc,ta_awesome_osc,,OOS,2019-12-31,0.4643,1.1343,-0.6035,0.4101,14.7713,
BTC-USD awesome_osc,ta_awesome_osc,,2022+,2022-01-01,0.1567,0.5989,-0.5351,0.3386,16.1616,
BTC-USD boll_breakout,ta_boll_breakout,,all,2015-06-05,0.418,1.1269,-0.6135,0.37,14.191,
BTC-USD boll_breakout,ta_boll_breakout,,IS,2015-06-05,0.9584,1.7286,-0.296,0.4455,10.9216,
BTC-USD boll_breakout,ta_boll_breakout,,OOS,2019-12-31,0.1397,0.5777,-0.6135,0.308,16.3962,
BTC-USD boll_breakout,ta_boll_breakout,,2022+,2022-01-01,-0.0164,0.0612,-0.4212,0.2535,17.4209,
BTC-USD donchian_turtle,ta_donchian_turtle,,all,2015-06-05,0.6046,1.3124,-0.5617,0.4302,10.6653,
BTC-USD donchian_turtle,ta_donchian_turtle,,IS,2015-06-05,0.861,1.5099,-0.5617,0.4899,10.4847,
BTC-USD donchian_turtle,ta_donchian_turtle,,OOS,2019-12-31,0.4513,1.1598,-0.4927,0.3844,10.7831,
BTC-USD donchian_turtle,ta_donchian_turtle,,2022+,2022-01-01,0.1529,0.6121,-0.3759,0.3112,11.1242,
BTC-USD supertrend,ta_supertrend,,all,2015-06-05,0.7433,1.4487,-0.4823,0.4545,9.6076,
BTC-USD supertrend,ta_supertrend,,IS,2015-06-05,1.2671,1.8239,-0.4637,0.5232,9.3926,
BTC-USD supertrend,ta_supertrend,,OOS,2019-12-31,0.4563,1.1369,-0.4823,0.4012,9.7491,
BTC-USD supertrend,ta_supertrend,,2022+,2022-01-01,0.1405,0.552,-0.4823,0.3462,11.1242,
BTC-USD ichimoku_cloud,ta_ichimoku_cloud,,all,2015-06-05,0.6799,1.353,-0.5821,0.4619,15.425,
BTC-USD ichimoku_cloud,ta_ichimoku_cloud,,IS,2015-06-05,0.9397,1.4693,-0.5821,0.5557,16.6008,
BTC-USD ichimoku_cloud,ta_ichimoku_cloud,,OOS,2019-12-31,0.524,1.2841,-0.3857,0.3855,14.6236,
BTC-USD ichimoku_cloud,ta_ichimoku_cloud,,2022+,2022-01-01,0.2482,0.8914,-0.3857,0.2982,15.7418,
BTC-USD rsi14_30_70,ta_rsi14_30_70,,all,2015-06-05,-0.004,0.2172,-0.903,0.444,8.1973,
BTC-USD rsi14_30_70,ta_rsi14_30_70,,IS,2015-06-05,0.0437,0.3226,-0.7356,0.4613,8.7373,
BTC-USD rsi14_30_70,ta_rsi14_30_70,,OOS,2019-12-31,-0.037,0.1365,-0.711,0.432,7.8288,
BTC-USD rsi14_30_70,ta_rsi14_30_70,,2022+,2022-01-01,0.0203,0.2468,-0.5556,0.3909,9.0253,
BTC-USD parabolic_sar,ta_parabolic_sar,,all,2015-06-05,0.3954,0.9697,-0.7592,0.4444,29.1753,
BTC-USD parabolic_sar,ta_parabolic_sar,,IS,2015-06-05,1.0562,1.6803,-0.607,0.5037,25.1197,
BTC-USD parabolic_sar,ta_parabolic_sar,,OOS,2019-12-31,0.0713,0.3709,-0.7592,0.3988,31.9061,
BTC-USD parabolic_sar,ta_parabolic_sar,,2022+,2022-01-01,-0.069,-0.0477,-0.5435,0.3338,32.743,
ETH-USD sma50_200,ta_sma50_200,,all,2018-07-28,0.3053,0.7508,-0.7786,0.6013,2.0739,
ETH-USD sma50_200,ta_sma50_200,,IS,2018-07-28,0.0208,0.2714,-0.4986,0.4472,1.3985,
ETH-USD sma50_200,ta_sma50_200,,OOS,2019-12-31,0.3748,0.8284,-0.6105,0.629,2.2157,
ETH-USD sma50_200,ta_sma50_200,,2022+,2022-01-01,-0.0234,0.1454,-0.6105,0.4085,2.0989,
ETH-USD macd,ta_macd,,all,2018-07-28,0.2407,0.6625,-0.6102,0.5613,26.7162,
ETH-USD macd,ta_macd,,IS,2018-07-28,-0.1917,0.0206,-0.6102,0.6704,23.7739,
ETH-USD macd,ta_macd,,OOS,2019-12-31,0.3536,0.8292,-0.5998,0.5354,27.327,
ETH-USD macd,ta_macd,,2022+,2022-01-01,0.0023,0.2362,-0.5998,0.4692,26.4462,
ETH-USD heikin_ashi,ta_heikin_ashi,,all,2018-07-28,0.0893,0.4251,-0.8114,0.5435,89.5421,
ETH-USD heikin_ashi,ta_heikin_ashi,,IS,2018-07-28,-0.0018,0.2596,-0.4887,0.5341,89.5019,
ETH-USD heikin_ashi,ta_heikin_ashi,,OOS,2019-12-31,0.1058,0.4529,-0.8114,0.5456,89.5144,
ETH-USD heikin_ashi,ta_heikin_ashi,,2022+,2022-01-01,-0.0868,0.0259,-0.616,0.4575,90.4629,
ETH-USD awesome_osc,ta_awesome_osc,,all,2018-07-28,0.4886,0.9826,-0.5752,0.5705,13.1751,
ETH-USD awesome_osc,ta_awesome_osc,,IS,2018-07-28,0.0029,0.2984,-0.4061,0.5837,14.6839,
ETH-USD awesome_osc,ta_awesome_osc,,OOS,2019-12-31,0.618,1.1311,-0.5752,0.5676,12.8511,
ETH-USD awesome_osc,ta_awesome_osc,,2022+,2022-01-01,0.0912,0.4161,-0.4842,0.444,13.6429,
ETH-USD boll_breakout,ta_boll_breakout,,all,2018-07-28,0.2983,0.7995,-0.4015,0.4548,13.0531,
ETH-USD boll_breakout,ta_boll_breakout,,IS,2018-07-28,-0.1363,-0.0558,-0.3569,0.4858,12.5862,
ETH-USD boll_breakout,ta_boll_breakout,,OOS,2019-12-31,0.4149,0.9959,-0.4015,0.4479,13.1465,
ETH-USD boll_breakout,ta_boll_breakout,,2022+,2022-01-01,0.1184,0.4962,-0.4015,0.3423,11.9638,
ETH-USD donchian_turtle,ta_donchian_turtle,,all,2018-07-28,0.3324,0.8174,-0.5946,0.5082,10.6133,
ETH-USD donchian_turtle,ta_donchian_turtle,,IS,2018-07-28,-0.1759,-0.1371,-0.3209,0.4975,9.7893,
ETH-USD donchian_turtle,ta_donchian_turtle,,OOS,2019-12-31,0.4746,1.014,-0.5946,0.5103,10.7831,
ETH-USD donchian_turtle,ta_donchian_turtle,,2022+,2022-01-01,-0.0696,0.0067,-0.5946,0.3875,11.9638,
ETH-USD supertrend,ta_supertrend,,all,2018-07-28,0.5852,1.1147,-0.5018,0.5475,9.2714,
ETH-USD supertrend,ta_supertrend,,IS,2018-07-28,-0.1662,-0.0447,-0.4327,0.5567,11.887,
ETH-USD supertrend,ta_supertrend,,OOS,2019-12-31,0.8153,1.3649,-0.5018,0.5453,8.7151,
ETH-USD supertrend,ta_supertrend,,2022+,2022-01-01,0.2013,0.6344,-0.5018,0.4374,9.4451,
ETH-USD ichimoku_cloud,ta_ichimoku_cloud,,all,2018-07-28,0.4826,1.0132,-0.6562,0.5252,12.8092,
ETH-USD ichimoku_cloud,ta_ichimoku_cloud,,IS,2018-07-28,0.2674,0.7445,-0.3594,0.4602,9.7893,
ETH-USD ichimoku_cloud,ta_ichimoku_cloud,,OOS,2019-12-31,0.5323,1.0633,-0.6562,0.5379,13.4419,
ETH-USD ichimoku_cloud,ta_ichimoku_cloud,,2022+,2022-01-01,0.173,0.6075,-0.4427,0.3815,12.3836,
ETH-USD rsi14_30_70,ta_rsi14_30_70,,all,2018-07-28,-0.1447,0.0007,-0.8755,0.5525,8.4174,
ETH-USD rsi14_30_70,ta_rsi14_30_70,,IS,2018-07-28,-0.5731,-1.0825,-0.7782,0.6107,8.3908,
ETH-USD rsi14_30_70,ta_rsi14_30_70,,OOS,2019-12-31,-0.0128,0.2536,-0.7085,0.5393,8.4197,
ETH-USD rsi14_30_70,ta_rsi14_30_70,,2022+,2022-01-01,-0.0641,0.1212,-0.6873,0.5053,9.4451,
ETH-USD parabolic_sar,ta_parabolic_sar,,all,2018-07-28,0.145,0.5183,-0.8432,0.5397,29.5221,
ETH-USD parabolic_sar,ta_parabolic_sar,,IS,2018-07-28,-0.0363,0.2166,-0.3415,0.5661,25.1724,
ETH-USD parabolic_sar,ta_parabolic_sar,,OOS,2019-12-31,0.1833,0.5795,-0.8432,0.5341,30.429,
ETH-USD parabolic_sar,ta_parabolic_sar,,2022+,2022-01-01,-0.2569,-0.4377,-0.8191,0.4486,30.8539,
EURUSD=X sma50_200,ta_sma50_200,,all,2004-12-01,0.0071,0.1395,-0.2152,0.067,1.3788,
EURUSD=X sma50_200,ta_sma50_200,,IS,2004-12-01,0.0082,0.1384,-0.174,0.0853,1.2571,
EURUSD=X sma50_200,ta_sma50_200,,OOS,2014-12-31,0.0062,0.1575,-0.1036,0.0459,1.4819,
EURUSD=X sma50_200,ta_sma50_200,,2022+,2022-01-03,0.0068,0.1665,-0.103,0.0479,1.6311,
EURUSD=X macd,ta_macd,,all,2004-12-01,-0.0169,-0.1623,-0.471,0.0836,21.8376,
EURUSD=X macd,ta_macd,,IS,2004-12-01,-0.0298,-0.2286,-0.3632,0.1072,21.7575,
EURUSD=X macd,ta_macd,,OOS,2014-12-31,-0.0058,-0.0757,-0.2071,0.0561,21.8987,
EURUSD=X macd,ta_macd,,2022+,2022-01-03,0.0,0.0277,-0.1187,0.0544,23.0388,
EURUSD=X heikin_ashi,ta_heikin_ashi,,all,2004-12-01,0.046,0.5827,-0.4003,0.0831,68.1814,
EURUSD=X heikin_ashi,ta_heikin_ashi,,IS,2004-12-01,-0.0039,0.0162,-0.4003,0.1065,67.013,
EURUSD=X heikin_ashi,ta_heikin_ashi,,OOS,2014-12-31,0.0905,1.5787,-0.0612,0.0559,69.1539,
EURUSD=X heikin_ashi,ta_heikin_ashi,,2022+,2022-01-03,0.0999,1.7651,-0.034,0.0548,69.932,
EURUSD=X awesome_osc,ta_awesome_osc,,all,2004-12-01,0.0133,0.2173,-0.2253,0.0731,10.4518,
EURUSD=X awesome_osc,ta_awesome_osc,,IS,2004-12-01,0.009,0.1449,-0.1814,0.0909,10.5403,
EURUSD=X awesome_osc,ta_awesome_osc,,OOS,2014-12-31,0.0169,0.3398,-0.1454,0.0536,10.3731,
EURUSD=X awesome_osc,ta_awesome_osc,,2022+,2022-01-03,0.0462,0.8658,-0.0779,0.0539,7.9515,
EURUSD=X boll_breakout,ta_boll_breakout,,all,2004-12-01,-0.0086,-0.1272,-0.3847,0.0552,9.2065,
EURUSD=X boll_breakout,ta_boll_breakout,,IS,2004-12-01,-0.0279,-0.3738,-0.3285,0.0691,9.1865,
EURUSD=X boll_breakout,ta_boll_breakout,,OOS,2014-12-31,0.0082,0.2265,-0.1157,0.0397,9.2205,
EURUSD=X boll_breakout,ta_boll_breakout,,2022+,2022-01-03,0.0251,0.6282,-0.0643,0.0409,9.7864,
EURUSD=X donchian_turtle,ta_donchian_turtle,,all,2004-12-01,-0.011,-0.1375,-0.4154,0.0646,6.36,
EURUSD=X donchian_turtle,ta_donchian_turtle,,IS,2004-12-01,-0.0164,-0.1605,-0.326,0.0815,6.8657,
EURUSD=X donchian_turtle,ta_donchian_turtle,,OOS,2014-12-31,-0.0063,-0.1166,-0.1888,0.0454,5.9275,
EURUSD=X donchian_turtle,ta_donchian_turtle,,2022+,2022-01-03,0.0126,0.2981,-0.0702,0.0454,6.932,
EURUSD=X supertrend,ta_supertrend,,all,2004-12-01,-0.0153,-0.1811,-0.4798,0.0707,7.0717,
EURUSD=X supertrend,ta_supertrend,,IS,2004-12-01,-0.0265,-0.2564,-0.4223,0.089,7.4459,
EURUSD=X supertrend,ta_supertrend,,OOS,2014-12-31,-0.0055,-0.0853,-0.1756,0.0503,6.7507,
EURUSD=X supertrend,ta_supertrend,,2022+,2022-01-03,-0.0022,-0.0173,-0.1028,0.0512,7.7476,
EURUSD=X ichimoku_cloud,ta_ichimoku_cloud,,all,2004-12-01,-0.0114,-0.1406,-0.4212,0.0657,14.8994,
EURUSD=X ichimoku_cloud,ta_ichimoku_cloud,,IS,2004-12-01,-0.0279,-0.3055,-0.3265,0.0815,15.5687,
EURUSD=X ichimoku_cloud,ta_ichimoku_cloud,,OOS,2014-12-31,0.003,0.0853,-0.1579,0.0482,14.3247,
EURUSD=X ichimoku_cloud,ta_ichimoku_cloud,,2022+,2022-01-03,0.0211,0.4528,-0.083,0.0487,14.2718,
EURUSD=X rsi14_30_70,ta_rsi14_30_70,,all,2004-12-01,0.0002,0.044,-0.2973,0.084,5.1147,
EURUSD=X rsi14_30_70,ta_rsi14_30_70,,IS,2004-12-01,-0.0052,0.0027,-0.2201,0.1064,4.9317,
EURUSD=X rsi14_30_70,ta_rsi14_30_70,,OOS,2014-12-31,0.005,0.1138,-0.1779,0.0585,5.2689,
EURUSD=X rsi14_30_70,ta_rsi14_30_70,,2022+,2022-01-03,0.0178,0.329,-0.1215,0.0589,6.5243,
EURUSD=X parabolic_sar,ta_parabolic_sar,,all,2004-12-01,0.0502,0.6287,-0.3556,0.0835,24.862,
EURUSD=X parabolic_sar,ta_parabolic_sar,,IS,2004-12-01,0.0144,0.1859,-0.3556,0.1079,25.2387,
EURUSD=X parabolic_sar,ta_parabolic_sar,,OOS,2014-12-31,0.0817,1.4653,-0.0755,0.0546,24.5332,
EURUSD=X parabolic_sar,ta_parabolic_sar,,2022+,2022-01-03,0.1029,1.807,-0.034,0.055,23.4466,
